[ctrl-1] # ctrl-1 -> 127.0.0.1:15001 a 20 Hz, admin 127.0.0.1:15300
[ctrl-2] # ctrl-2 -> 127.0.0.1:15002 a 20 Hz, admin 127.0.0.1:15300
[ctrl-3] # ctrl-3 -> 127.0.0.1:15003 a 20 Hz, admin 127.0.0.1:15300
[ctrl-spot] # ctrl-spot -> 127.0.0.1:15101 a 20 Hz, admin 127.0.0.1:15300
[ctrl-pepper] # ctrl-pepper -> 127.0.0.1:15102 a 20 Hz, admin 127.0.0.1:15300
[ctrl-nao] # ctrl-nao -> 127.0.0.1:15103 a 20 Hz, admin 127.0.0.1:15300
[ctrl-1] ESTADO,ctrl-1,127.0.0.1,-40,1
[ctrl-1] # modo: patrón seno
[ctrl-1] ENVIADO,CTRL,1,0,96,-38,47,1
[ctrl-2] ESTADO,ctrl-2,127.0.0.1,-40,1
[ctrl-2] # modo: patrón seno
[ctrl-2] ENVIADO,CTRL,2,0,97,-21,53,1
[ctrl-2] RTT,0
[ctrl-1] RTT,7
[esclava] # MQTT conectado a 127.0.0.1:18883
[ctrl-3] ESTADO,ctrl-3,127.0.0.1,-40,1
[ctrl-3] # modo: patrón seno
[ctrl-3] ENVIADO,CTRL,3,0,124,6,61,1
[ctrl-spot] ESTADO,ctrl-spot,127.0.0.1,-40,1
[ctrl-3] RTT,0
[ctrl-pepper] ESTADO,ctrl-pepper,127.0.0.1,-40,1
[ctrl-spot] ENVIADO,JOINTS,spot,0,124,-17.9,-9.7,3.9,1
[ctrl-spot] RTT,21
[ctrl-nao] ESTADO,ctrl-nao,127.0.0.1,-40,1
[ctrl-nao] ENVIADO,JOINTS,nao,0,153,15.8,18.2,-29.9,1
[ctrl-nao] RTT,29
[ctrl-pepper] ENVIADO,JOINTS,pepper,0,145,44.7,82.9,10.7,1
[ctrl-pepper] RTT,29
[esclava] ESTADO,esclava,127.0.0.1,-40,1
[esclava] LEDS,?,?,?,?,?,?
[esclava] # [● placa/MQTT]  · player-1  · player-2  · player-3  · sim-spot  · sim-pepper  · sim-nao
[esclava] LEDS,CAIDO,CAIDO,CAIDO,CAIDO,CAIDO,CAIDO
[esclava] # [● placa/MQTT]  ○ player-1  ○ player-2  ○ player-3  ○ sim-spot  ○ sim-pepper  ○ sim-nao
[ctrl-1] ENVIADO,CTRL,1,6,302,-31,48,0
[ctrl-2] ENVIADO,CTRL,2,6,300,-28,52,0
[ctrl-spot] ENVIADO,JOINTS,spot,7,350,-17.9,-7.8,5.3,1
[ctrl-pepper] ENVIADO,JOINTS,pepper,7,350,52.1,80.9,7.8,1
[ctrl-nao] ENVIADO,JOINTS,nao,7,350,3.2,13.7,-29.4,1
[ctrl-3] ENVIADO,CTRL,3,7,350,14,63,0
[ctrl-2] ENVIADO,CTRL,2,10,500,-35,51,0
[ctrl-1] ENVIADO,CTRL,1,11,552,-23,49,0
[ctrl-spot] ENVIADO,JOINTS,spot,11,550,-17.2,-6.0,6.5,0
[ctrl-pepper] ENVIADO,JOINTS,pepper,11,553,56.8,78.4,5.2,0
[ctrl-3] ENVIADO,CTRL,3,11,553,21,64,0
[ctrl-nao] ENVIADO,JOINTS,nao,12,600,-10.8,9.7,-28.6,0
[esclava] LEDS,OK,OK,OK,OK,OK,OK
[esclava] # [● placa/MQTT]  ● player-1  ● player-2  ● player-3  ● sim-spot  ● sim-pepper  ● sim-nao
[ctrl-2] ENVIADO,CTRL,2,14,700,-41,50,0
[ctrl-1] ENVIADO,CTRL,1,15,752,-16,50,0
[ctrl-3] ENVIADO,CTRL,3,16,800,30,65,0
[ctrl-spot] ENVIADO,JOINTS,spot,16,800,-15.5,-3.6,8.0,0
[ctrl-pepper] ENVIADO,JOINTS,pepper,16,800,59.7,74.5,2.0,0
[ctrl-nao] ENVIADO,JOINTS,nao,17,852,-24.4,6.6,-27.4,0
[ctrl-1] ENVIADO,CTRL,1,19,952,-8,51,0
[ctrl-2] ENVIADO,CTRL,2,19,950,-47,49,0
[ctrl-3] ENVIADO,CTRL,3,20,1000,36,66,0
[piloto] observando la pista en ws://127.0.0.1:18765
[piloto] pista recibida: 297 puntos
[ctrl-spot] ENVIADO,JOINTS,spot,21,1050,-12.9,-1.0,9.3,0
[ctrl-pepper] ENVIADO,JOINTS,pepper,21,1050,59.4,69.5,-1.3,0
[ctrl-1] # modo: piloto (pure pursuit sobre la pista)
[ctrl-nao] ENVIADO,JOINTS,nao,22,1101,-36.5,4.7,-25.9,0
[ctrl-3] # modo: piloto (pure pursuit sobre la pista)
[ctrl-2] # modo: piloto (pure pursuit sobre la pista)
[ctrl-1] ENVIADO,CTRL,1,23,1152,-53,54,0
[ctrl-2] ENVIADO,CTRL,2,23,1150,-56,54,0
[ctrl-3] ENVIADO,CTRL,3,25,1250,-76,46,0
[ctrl-spot] ENVIADO,JOINTS,spot,25,1250,-10.4,1.1,10.3,0
[ctrl-pepper] ENVIADO,JOINTS,pepper,25,1250,56.7,65.1,-3.9,0
[ctrl-1] ENVIADO,CTRL,1,27,1352,-85,43,0
[ctrl-nao] ENVIADO,JOINTS,nao,27,1350,-46.6,4.0,-24.1,0
[ctrl-2] ENVIADO,CTRL,2,27,1350,-84,45,0
[ctrl-3] ENVIADO,CTRL,3,29,1450,-81,44,0
[ctrl-spot] ENVIADO,JOINTS,spot,29,1450,-7.4,3.1,11.2,0
[ctrl-pepper] ENVIADO,JOINTS,pepper,30,1500,50.6,58.9,-7.2,0
[ctrl-2] ENVIADO,CTRL,2,31,1550,-68,49,0
[ctrl-1] ENVIADO,CTRL,1,32,1602,-68,48,0
[ctrl-nao] ENVIADO,JOINTS,nao,32,1600,-54.1,4.5,-22.0,0
[ctrl-3] ENVIADO,CTRL,3,34,1700,-34,59,0
[ctrl-spot] ENVIADO,JOINTS,spot,34,1700,-3.4,5.6,12.3,0
[ctrl-pepper] ENVIADO,JOINTS,pepper,34,1700,43.7,53.6,-9.7,0
[ctrl-2] ENVIADO,CTRL,2,35,1750,-18,65,0
[ctrl-nao] ENVIADO,JOINTS,nao,37,1850,-58.7,6.1,-19.6,0
[ctrl-1] ENVIADO,CTRL,1,37,1852,-6,66,0
[ctrl-spot] ENVIADO,JOINTS,spot,39,1950,0.8,7.9,13.1,0
[ctrl-pepper] ENVIADO,JOINTS,pepper,39,1950,32.9,46.8,-12.8,0
[ctrl-3] ENVIADO,CTRL,3,39,1950,17,65,0
[ctrl-2] ESTADO,ctrl-2,127.0.0.1,-40,1
[ctrl-3] ESTADO,ctrl-3,127.0.0.1,-40,1
[ctrl-spot] ESTADO,ctrl-spot,127.0.0.1,-40,1
[ctrl-pepper] ESTADO,ctrl-pepper,127.0.0.1,-40,1
[ctrl-nao] ESTADO,ctrl-nao,127.0.0.1,-40,1
[ctrl-3] RTT,0
[ctrl-nao] RTT,0
[ctrl-pepper] RTT,0
[ctrl-2] ENVIADO,CTRL,2,40,2000,21,63,0
[ctrl-2] RTT,0
[ctrl-spot] RTT,0
[ctrl-1] ESTADO,ctrl-1,127.0.0.1,-40,1
[ctrl-1] RTT,0
[esclava] ESTADO,esclava,127.0.0.1,-40,1
[ctrl-nao] ENVIADO,JOINTS,nao,41,2050,-60.0,8.2,-17.5,0
[ctrl-1] ENVIADO,CTRL,1,41,2052,22,64,0
[ctrl-spot] ENVIADO,JOINTS,spot,43,2150,4.2,9.6,13.7,0
[ctrl-2] ENVIADO,CTRL,2,44,2201,31,59,0
[ctrl-pepper] ENVIADO,JOINTS,pepper,44,2201,20.2,39.9,-15.7,0
[ctrl-3] ENVIADO,CTRL,3,44,2200,29,60,0
[ctrl-1] ENVIADO,CTRL,1,46,2302,29,61,0
[ctrl-nao] ENVIADO,JOINTS,nao,46,2300,-58.6,11.8,-14.7,0
[ctrl-3] ENVIADO,CTRL,3,48,2400,26,64,0
[ctrl-spot] ENVIADO,JOINTS,spot,48,2400,8.2,11.4,14.3,0
[ctrl-2] ENVIADO,CTRL,2,49,2450,23,62,0
[ctrl-pepper] ENVIADO,JOINTS,pepper,49,2451,6.5,33.1,-18.4,0
[ctrl-1] ENVIADO,CTRL,1,50,2502,15,69,0
[ctrl-nao] ENVIADO,JOINTS,nao,51,2550,-54.1,16.4,-11.8,0
[ctrl-spot] ENVIADO,JOINTS,spot,52,2600,11.0,12.7,14.6,0
[esclava] LEDS,OK,OK,OK,OK,OK,OK
[esclava] # [● placa/MQTT]  ● player-1  ● player-2  ● player-3  ● sim-spot  ● sim-pepper  ● sim-nao
[ctrl-3] ENVIADO,CTRL,3,53,2650,9,69,0
[ctrl-2] ENVIADO,CTRL,2,54,2700,6,70,0
[ctrl-1] ENVIADO,CTRL,1,54,2703,-3,68,0
[ctrl-pepper] ENVIADO,JOINTS,pepper,54,2701,-7.6,26.7,-20.9,0
[ctrl-nao] ENVIADO,JOINTS,nao,55,2750,-48.2,20.6,-9.3,0
[ctrl-spot] ENVIADO,JOINTS,spot,57,2850,14.0,13.9,14.9,0
[ctrl-2] ENVIADO,CTRL,2,58,2900,-3,68,0
[ctrl-3] ENVIADO,CTRL,3,58,2901,-6,67,0
[ctrl-pepper] ENVIADO,JOINTS,pepper,59,2950,-21.2,20.7,-23.1,0
[ctrl-1] ENVIADO,CTRL,1,59,2952,-4,67,0
[ctrl-nao] ENVIADO,JOINTS,nao,60,3000,-38.6,26.5,-6.1,0
[ctrl-spot] ENVIADO,JOINTS,spot,61,3050,15.9,14.5,15.0,0
[ctrl-3] ENVIADO,CTRL,3,63,3150,-6,67,0
[ctrl-1] ENVIADO,CTRL,1,63,3152,-3,71,0
[ctrl-2] ENVIADO,CTRL,2,63,3153,-6,68,0
[ctrl-pepper] ENVIADO,JOINTS,pepper,63,3153,-31.5,16.4,-24.7,0
[ctrl-nao] ENVIADO,JOINTS,nao,64,3200,-29.3,31.7,-3.5,0
[ctrl-spot] ENVIADO,JOINTS,spot,66,3300,17.4,14.9,14.9,0
[ctrl-1] ENVIADO,CTRL,1,67,3352,1,70,0
[ctrl-3] ENVIADO,CTRL,3,67,3351,-2,69,0
[ctrl-pepper] ENVIADO,JOINTS,pepper,68,3400,-42.4,11.9,-26.4,0
[ctrl-nao] ENVIADO,JOINTS,nao,68,3400,-18.9,37.0,-0.9,0
[ctrl-2] ENVIADO,CTRL,2,68,3400,2,71,0
[ctrl-spot] ENVIADO,JOINTS,spot,70,3500,18.0,15.0,14.8,0
[ctrl-1] ENVIADO,CTRL,1,72,3602,1,70,0
[ctrl-3] ENVIADO,CTRL,3,72,3600,2,70,0
[ctrl-pepper] ENVIADO,JOINTS,pepper,72,3600,-49.6,8.9,-27.6,0
[ctrl-nao] ENVIADO,JOINTS,nao,73,3650,-5.1,43.9,2.4,0
[ctrl-2] ENVIADO,CTRL,2,73,3650,2,68,0
[ctrl-spot] ENVIADO,JOINTS,spot,75,3750,17.7,14.6,14.4,0
[ctrl-1] ENVIADO,CTRL,1,76,3802,3,70,0
[ctrl-3] ENVIADO,CTRL,3,76,3801,1,70,0
[ctrl-pepper] ENVIADO,JOINTS,pepper,76,3801,-55.1,6.6,-28.5,0
[ctrl-nao] ENVIADO,JOINTS,nao,77,3850,6.2,49.4,5.0,0
[ctrl-2] ENVIADO,CTRL,2,78,3900,3,69,0
[ctrl-spot] ENVIADO,JOINTS,spot,79,3950,16.8,14.0,14.0,0
[ctrl-1] ESTADO,ctrl-1,127.0.0.1,-40,1
[ctrl-nao] ESTADO,ctrl-nao,127.0.0.1,-40,1
[ctrl-spot] ESTADO,ctrl-spot,127.0.0.1,-40,1
[ctrl-2] ESTADO,ctrl-2,127.0.0.1,-40,1
[ctrl-1] RTT,1
[ctrl-nao] RTT,0
[ctrl-pepper] ESTADO,ctrl-pepper,127.0.0.1,-40,1
[ctrl-3] ESTADO,ctrl-3,127.0.0.1,-40,1
[ctrl-spot] RTT,0
[ctrl-2] RTT,1
[ctrl-pepper] RTT,1
[ctrl-3] RTT,0
[esclava] ESTADO,esclava,127.0.0.1,-40,1
[ctrl-1] ENVIADO,CTRL,1,81,4052,-2,69,0
[ctrl-pepper] ENVIADO,JOINTS,pepper,81,4051,-59.1,4.7,-29.4,0
[ctrl-3] ENVIADO,CTRL,3,81,4050,4,68,0
[ctrl-nao] ENVIADO,JOINTS,nao,81,4051,17.3,54.8,7.6,0
[ctrl-2] ENVIADO,CTRL,2,82,4103,4,68,0
[ctrl-spot] ENVIADO,JOINTS,spot,84,4205,14.9,12.8,13.3,0
[ctrl-1] ENVIADO,CTRL,1,85,4252,-2,68,0
[ctrl-3] ENVIADO,CTRL,3,85,4250,2,68,0
[ctrl-pepper] ENVIADO,JOINTS,pepper,86,4300,-59.9,4.0,-29.9,0
[ctrl-nao] ENVIADO,JOINTS,nao,86,4300,30.2,61.3,10.7,0
[ctrl-2] ENVIADO,CTRL,2,87,4350,-3,71,0
[ctrl-spot] ENVIADO,JOINTS,spot,89,4450,12.1,11.3,12.4,0
[ctrl-1] ENVIADO,CTRL,1,89,4452,-2,69,0
[ctrl-3] ENVIADO,CTRL,3,90,4500,3,70,0
[ctrl-nao] ENVIADO,JOINTS,nao,91,4550,41.5,67.2,13.7,0
[ctrl-pepper] ENVIADO,JOINTS,pepper,91,4551,-57.3,4.5,-30.0,0
[ctrl-2] ENVIADO,CTRL,2,92,4600,0,69,0
[ctrl-1] ENVIADO,CTRL,1,93,4652,0,69,0
[esclava] LEDS,OK,OK,OK,OK,OK,OK
[esclava] # [● placa/MQTT]  ● player-1  ● player-2  ● player-3  ● sim-spot  ● sim-pepper  ● sim-nao
[ctrl-spot] ENVIADO,JOINTS,spot,94,4700,8.7,9.5,11.4,0
[ctrl-3] ENVIADO,CTRL,3,95,4751,-3,70,0
[ctrl-nao] ENVIADO,JOINTS,nao,96,4800,50.4,72.5,16.6,0
[ctrl-pepper] ENVIADO,JOINTS,pepper,96,4800,-51.6,6.1,-29.8,0
[ctrl-2] ENVIADO,CTRL,2,97,4850,-2,70,0
[ctrl-1] ENVIADO,CTRL,1,98,4902,-2,69,0
[ctrl-spot] ENVIADO,JOINTS,spot,99,4950,4.8,7.4,10.3,0
[ctrl-nao] ENVIADO,JOINTS,nao,100,5000,55.6,76.1,18.7,0
[ctrl-pepper] ENVIADO,JOINTS,pepper,100,5000,-45.0,8.3,-29.3,0
[ctrl-3] ENVIADO,CTRL,3,100,5000,1,70,0
[ctrl-2] ENVIADO,CTRL,2,101,5050,-1,71,0
[ctrl-1] ENVIADO,CTRL,1,102,5102,-3,71,0
[ctrl-spot] ENVIADO,JOINTS,spot,103,5150,1.4,5.5,9.3,0
[ctrl-nao] ENVIADO,JOINTS,nao,104,5200,58.9,79.1,20.7,0
[ctrl-pepper] ENVIADO,JOINTS,pepper,104,5200,-36.7,11.1,-28.7,0
[ctrl-3] ENVIADO,CTRL,3,105,5250,1,70,0
[ctrl-2] ENVIADO,CTRL,2,106,5300,1,70,0
[ctrl-1] ENVIADO,CTRL,1,107,5352,2,72,0
[ctrl-spot] ENVIADO,JOINTS,spot,108,5400,-2.8,3.0,8.0,0
[ctrl-3] ENVIADO,CTRL,3,109,5452,3,71,0
[ctrl-pepper] ENVIADO,JOINTS,pepper,109,5452,-24.6,15.5,-27.5,0
[ctrl-nao] ENVIADO,JOINTS,nao,109,5452,59.9,81.9,23.0,0
[ctrl-1] ENVIADO,CTRL,1,111,5553,-1,70,0
[ctrl-2] ENVIADO,CTRL,2,111,5550,-1,72,0
[ctrl-spot] ENVIADO,JOINTS,spot,113,5650,-6.9,0.4,6.5,0
[ctrl-nao] ENVIADO,JOINTS,nao,114,5700,57.7,83.5,24.9,0
[ctrl-pepper] ENVIADO,JOINTS,pepper,114,5700,-11.2,20.7,-26.1,0
[ctrl-3] ENVIADO,CTRL,3,114,5700,-2,69,0
[ctrl-2] ENVIADO,CTRL,2,115,5750,0,69,0
[ctrl-1] ENVIADO,CTRL,1,116,5802,1,69,0
[ctrl-spot] ENVIADO,JOINTS,spot,118,5900,-10.6,-2.2,5.0,0
[ctrl-3] ENVIADO,CTRL,3,118,5900,0,72,0
[ctrl-pepper] ENVIADO,JOINTS,pepper,119,5950,2.9,26.7,-24.3,0
[ctrl-nao] ENVIADO,JOINTS,nao,119,5950,52.3,84.0,26.6,0
[ctrl-1] ESTADO,ctrl-1,127.0.0.1,-40,1
[ctrl-nao] ESTADO,ctrl-nao,127.0.0.1,-40,1
[ctrl-3] ESTADO,ctrl-3,127.0.0.1,-40,1
[ctrl-3] RTT,0
[ctrl-1] ENVIADO,CTRL,1,120,6002,0,69,0
[ctrl-1] RTT,1
[ctrl-spot] ESTADO,ctrl-spot,127.0.0.1,-40,1
[ctrl-spot] RTT,0
[ctrl-nao] RTT,0
[ctrl-2] ESTADO,ctrl-2,127.0.0.1,-40,1
[ctrl-2] ENVIADO,CTRL,2,120,6000,-2,67,0
[ctrl-2] RTT,0
[ctrl-pepper] ESTADO,ctrl-pepper,127.0.0.1,-40,1
[ctrl-pepper] RTT,0
[esclava] ESTADO,esclava,127.0.0.1,-40,1
[ctrl-3] ENVIADO,CTRL,3,123,6150,-1,68,0
[ctrl-pepper] ENVIADO,JOINTS,pepper,123,6150,14.0,31.8,-22.6,0
[ctrl-spot] ENVIADO,JOINTS,spot,123,6150,-13.7,-4.7,3.4,0
[ctrl-nao] ENVIADO,JOINTS,nao,124,6200,44.0,83.3,28.0,0
[ctrl-2] ENVIADO,CTRL,2,125,6250,0,71,0
[ctrl-1] ENVIADO,CTRL,1,125,6255,-1,70,0
[ctrl-3] ENVIADO,CTRL,3,127,6350,-4,70,0
[ctrl-pepper] ENVIADO,JOINTS,pepper,127,6350,24.7,37.2,-20.8,0
[ctrl-spot] ENVIADO,JOINTS,spot,127,6350,-15.6,-6.6,2.1,0
[ctrl-nao] ENVIADO,JOINTS,nao,128,6400,35.6,81.9,28.8,0
[ctrl-1] ENVIADO,CTRL,1,130,6502,-11,66,0
[ctrl-2] ENVIADO,CTRL,2,130,6500,-1,69,0
[ctrl-3] ENVIADO,CTRL,3,131,6550,2,70,0
[ctrl-pepper] ENVIADO,JOINTS,pepper,131,6550,34.5,42.7,-18.8,0
[ctrl-spot] ENVIADO,JOINTS,spot,132,6600,-17.3,-8.8,0.5,0
[ctrl-nao] ENVIADO,JOINTS,nao,133,6650,23.3,79.1,29.6,0
[esclava] LEDS,OK,OK,OK,OK,OK,OK
[esclava] # [● placa/MQTT]  ● player-1  ● player-2  ● player-3  ● sim-spot  ● sim-pepper  ● sim-nao
[ctrl-1] ENVIADO,CTRL,1,134,6702,-9,66,0
[ctrl-2] ENVIADO,CTRL,2,135,6750,-4,71,0
[ctrl-3] ENVIADO,CTRL,3,135,6750,3,69,0
[ctrl-spot] ENVIADO,JOINTS,spot,136,6800,-17.9,-10.4,-0.9,0
[ctrl-pepper] ENVIADO,JOINTS,pepper,136,6800,45.0,49.6,-16.2,0
[ctrl-nao] ENVIADO,JOINTS,nao,137,6850,12.6,76.1,29.9,0
[ctrl-1] ENVIADO,CTRL,1,138,6903,-12,72,0
[ctrl-3] ENVIADO,CTRL,3,140,7000,-3,68,0
[ctrl-2] ENVIADO,CTRL,2,140,7000,-3,66,0
[ctrl-spot] ENVIADO,JOINTS,spot,140,7000,-17.9,-11.8,-2.2,0
[ctrl-pepper] ENVIADO,JOINTS,pepper,141,7050,53.1,56.3,-13.3,0
[ctrl-nao] ENVIADO,JOINTS,nao,142,7100,-1.5,71.6,30.0,0
[ctrl-1] ENVIADO,CTRL,1,143,7152,-8,71,0
[ctrl-3] ENVIADO,CTRL,3,144,7200,3,71,0
[ctrl-2] ENVIADO,CTRL,2,145,7250,-2,70,0
[ctrl-spot] ENVIADO,JOINTS,spot,145,7250,-17.0,-13.2,-3.8,0
[ctrl-pepper] ENVIADO,JOINTS,pepper,146,7300,58.1,62.7,-10.3,0
[ctrl-nao] ENVIADO,JOINTS,nao,147,7350,-15.4,66.2,29.7,0
[ctrl-1] ENVIADO,CTRL,1,148,7402,-10,65,0
[ctrl-3] ENVIADO,CTRL,3,148,7407,-1,68,0
[ctrl-2] ENVIADO,CTRL,2,149,7450,-7,69,0
[ctrl-pepper] ENVIADO,JOINTS,pepper,150,7500,59.9,67.4,-7.8,0
[ctrl-spot] ENVIADO,JOINTS,spot,150,7500,-15.2,-14.2,-5.4,0
[ctrl-nao] ENVIADO,JOINTS,nao,151,7550,-26.0,61.4,29.2,0
[ctrl-3] ENVIADO,CTRL,3,153,7650,-5,67,0
[ctrl-1] ENVIADO,CTRL,1,153,7653,-13,65,0
[ctrl-2] ENVIADO,CTRL,2,154,7701,-9,68,0
[ctrl-spot] ENVIADO,JOINTS,spot,154,7701,-13.1,-14.8,-6.6,0
[ctrl-pepper] ENVIADO,JOINTS,pepper,154,7701,59.5,71.6,-5.2,0
[ctrl-nao] ENVIADO,JOINTS,nao,155,7751,-35.7,56.2,28.5,0
[ctrl-3] ENVIADO,CTRL,3,157,7850,-4,66,0
[ctrl-1] ENVIADO,CTRL,1,158,7903,-12,68,0
[ctrl-2] ENVIADO,CTRL,2,158,7905,-6,68,0
[ctrl-pepper] ENVIADO,JOINTS,pepper,159,7950,56.1,76.2,-1.9,0
[ctrl-spot] ENVIADO,JOINTS,spot,159,7950,-9.9,-15.0,-8.0,0
[ctrl-1] ESTADO,ctrl-1,127.0.0.1,-40,1
[ctrl-1] RTT,0
[ctrl-spot] ESTADO,ctrl-spot,127.0.0.1,-40,1
[ctrl-nao] ESTADO,ctrl-nao,127.0.0.1,-40,1
[ctrl-nao] ENVIADO,JOINTS,nao,160,8000,-46.0,49.5,27.4,0
[ctrl-pepper] ESTADO,ctrl-pepper,127.0.0.1,-40,1
[ctrl-2] ESTADO,ctrl-2,127.0.0.1,-40,1
[ctrl-2] RTT,1
[ctrl-3] ESTADO,ctrl-3,127.0.0.1,-40,1
[ctrl-3] RTT,0
[ctrl-pepper] RTT,1
[ctrl-nao] RTT,1
[ctrl-spot] RTT,1
[esclava] ESTADO,esclava,127.0.0.1,-40,1
[ctrl-3] ENVIADO,CTRL,3,161,8053,-7,72,0
[ctrl-1] ENVIADO,CTRL,1,162,8102,-15,64,0
[ctrl-pepper] ENVIADO,JOINTS,pepper,163,8150,51.1,79.1,0.7,0
[ctrl-2] ENVIADO,CTRL,2,163,8150,-9,65,0
[ctrl-spot] ENVIADO,JOINTS,spot,164,8200,-6.1,-14.8,-9.3,0
[ctrl-nao] ENVIADO,JOINTS,nao,165,8250,-53.7,42.6,25.8,0
[ctrl-3] ENVIADO,CTRL,3,166,8300,-5,69,0
[ctrl-2] ENVIADO,CTRL,2,167,8351,-9,67,0
[ctrl-1] ENVIADO,CTRL,1,167,8353,-19,67,0
[ctrl-spot] ENVIADO,JOINTS,spot,168,8400,-2.8,-14.3,-10.3,0
[ctrl-pepper] ENVIADO,JOINTS,pepper,168,8400,42.4,81.9,4.0,0
[ctrl-nao] ENVIADO,JOINTS,nao,170,8500,-58.5,35.7,24.0,0
[ctrl-3] ENVIADO,CTRL,3,171,8550,-4,68,0
[ctrl-1] ENVIADO,CTRL,1,172,8602,-15,64,0
[ctrl-2] ENVIADO,CTRL,2,172,8600,-9,68,0
[ctrl-pepper] ENVIADO,JOINTS,pepper,173,8650,31.3,83.5,7.3,0
[ctrl-spot] ENVIADO,JOINTS,spot,173,8650,1.4,-13.3,-11.5,0
[esclava] LEDS,OK,OK,OK,OK,OK,OK
[esclava] # [● placa/MQTT]  ● player-1  ● player-2  ● player-3  ● sim-spot  ● sim-pepper  ● sim-nao
[ctrl-3] ENVIADO,CTRL,3,175,8750,-14,67,0
[ctrl-nao] ENVIADO,JOINTS,nao,175,8750,-60.0,29.1,21.9,0
[ctrl-1] ENVIADO,CTRL,1,176,8802,-15,66,0
[ctrl-pepper] ENVIADO,JOINTS,pepper,177,8850,21.2,84.0,9.8,0
[ctrl-2] ENVIADO,CTRL,2,177,8850,-14,64,0
[ctrl-spot] ENVIADO,JOINTS,spot,178,8900,5.5,-12.0,-12.5,0
[ctrl-3] ENVIADO,CTRL,3,179,8950,-10,68,0
[ctrl-nao] ENVIADO,JOINTS,nao,180,9000,-58.2,23.0,19.5,0
[ctrl-1] ENVIADO,CTRL,1,180,9002,-21,64,0
[ctrl-pepper] ENVIADO,JOINTS,pepper,181,9050,10.2,83.7,12.2,0
[ctrl-2] ENVIADO,CTRL,2,181,9051,-12,64,0
[ctrl-spot] ENVIADO,JOINTS,spot,183,9150,9.4,-10.2,-13.3,0
[ctrl-3] ENVIADO,CTRL,3,183,9150,-12,67,0
[ctrl-nao] ENVIADO,JOINTS,nao,184,9200,-54.5,18.5,17.4,0
[ctrl-1] ENVIADO,CTRL,1,185,9252,-19,65,0
[ctrl-pepper] ENVIADO,JOINTS,pepper,185,9251,-1.1,82.6,14.6,0
[ctrl-2] ENVIADO,CTRL,2,185,9256,-20,63,0
[ctrl-3] ENVIADO,CTRL,3,188,9400,-14,69,0
[ctrl-spot] ENVIADO,JOINTS,spot,188,9400,12.7,-8.2,-14.0,0
[ctrl-1] ENVIADO,CTRL,1,189,9452,-18,62,0
[ctrl-nao] ENVIADO,JOINTS,nao,189,9450,-47.1,13.6,14.7,0
[ctrl-pepper] ENVIADO,JOINTS,pepper,190,9500,-14.9,80.3,17.4,0
[ctrl-2] ENVIADO,CTRL,2,190,9500,-20,64,0
[ctrl-3] ENVIADO,CTRL,3,192,9600,-14,66,0
[ctrl-nao] ENVIADO,JOINTS,nao,193,9650,-39.3,10.3,12.3,0
[ctrl-spot] ENVIADO,JOINTS,spot,193,9650,15.3,-5.9,-14.5,0
[ctrl-1] ENVIADO,CTRL,1,194,9702,-22,64,0
[ctrl-pepper] ENVIADO,JOINTS,pepper,194,9700,-25.6,77.6,19.5,0
[ctrl-2] ENVIADO,CTRL,2,194,9700,-21,62,0
[ctrl-3] ENVIADO,CTRL,3,197,9850,-14,66,0
[ctrl-nao] ENVIADO,JOINTS,nao,197,9850,-30.1,7.6,9.9,0
[ctrl-1] ENVIADO,CTRL,1,198,9902,-12,66,0
[ctrl-pepper] ENVIADO,JOINTS,pepper,198,9901,-35.3,74.3,21.4,0
[ctrl-spot] ENVIADO,JOINTS,spot,198,9901,17.1,-3.4,-14.8,0
[ctrl-2] ENVIADO,CTRL,2,198,9902,-16,65,0
[ctrl-1] ESTADO,ctrl-1,127.0.0.1,-40,1
[ctrl-nao] ESTADO,ctrl-nao,127.0.0.1,-40,1
[ctrl-1] RTT,0
[ctrl-2] ESTADO,ctrl-2,127.0.0.1,-40,1
[ctrl-2] RTT,0
[ctrl-nao] RTT,0
[ctrl-spot] ESTADO,ctrl-spot,127.0.0.1,-40,1
[ctrl-pepper] ESTADO,ctrl-pepper,127.0.0.1,-40,1
[ctrl-spot] RTT,0
[ctrl-pepper] RTT,0
[ctrl-3] ESTADO,ctrl-3,127.0.0.1,-40,1
[ctrl-3] RTT,1
[esclava] ESTADO,esclava,127.0.0.1,-40,1
[ctrl-nao] ENVIADO,JOINTS,nao,201,10050,-19.8,5.7,7.3,0
[ctrl-3] ENVIADO,CTRL,3,201,10050,-13,66,0
[ctrl-1] ENVIADO,CTRL,1,203,10152,-13,65,0
[ctrl-pepper] ENVIADO,JOINTS,pepper,203,10150,-45.6,69.4,23.6,0
[ctrl-spot] ENVIADO,JOINTS,spot,203,10150,17.9,-0.9,-15.0,0
[ctrl-2] ENVIADO,CTRL,2,203,10150,-19,66,0
[ctrl-3] ENVIADO,CTRL,3,205,10251,-17,62,0
[ctrl-nao] ENVIADO,JOINTS,nao,206,10300,-6.0,4.3,4.1,0
[ctrl-pepper] ENVIADO,JOINTS,pepper,207,10350,-52.1,64.8,25.1,0
[ctrl-2] ENVIADO,CTRL,2,207,10351,-19,63,0
[ctrl-1] ENVIADO,CTRL,1,207,10352,-21,64,0
[ctrl-spot] ENVIADO,JOINTS,spot,208,10400,17.8,1.7,-15.0,0
[ctrl-nao] ENVIADO,JOINTS,nao,210,10500,5.3,4.0,1.5,0
[ctrl-3] ENVIADO,CTRL,3,210,10500,-19,63,0
[ctrl-pepper] ENVIADO,JOINTS,pepper,212,10600,-57.6,58.7,26.8,0
[ctrl-1] ENVIADO,CTRL,1,212,10602,-21,64,0
[ctrl-2] ENVIADO,CTRL,2,212,10608,-23,63,0
[ctrl-spot] ENVIADO,JOINTS,spot,213,10650,16.6,4.2,-14.8,0
[ctrl-3] ENVIADO,CTRL,3,214,10700,-21,64,0
[esclava] LEDS,OK,OK,OK,OK,OK,OK
[esclava] # [● placa/MQTT]  ● player-1  ● player-2  ● player-3  ● sim-spot  ● sim-pepper  ● sim-nao
[ctrl-nao] ENVIADO,JOINTS,nao,215,10750,19.1,4.7,-1.8,0
[ctrl-1] ENVIADO,CTRL,1,217,10852,-17,64,0
[ctrl-2] ENVIADO,CTRL,2,217,10850,-20,64,0
[ctrl-pepper] ENVIADO,JOINTS,pepper,217,10850,-59.9,52.1,28.1,0
[ctrl-spot] ENVIADO,JOINTS,spot,218,10900,14.6,6.6,-14.4,0
[ctrl-3] ENVIADO,CTRL,3,218,10900,-15,65,0
[ctrl-nao] ENVIADO,JOINTS,nao,220,11000,31.8,6.6,-5.1,0
[ctrl-1] ENVIADO,CTRL,1,221,11052,-21,64,0
[ctrl-2] ENVIADO,CTRL,2,221,11050,-19,66,0
[ctrl-spot] ENVIADO,JOINTS,spot,222,11100,12.3,8.4,-13.9,0
[ctrl-pepper] ENVIADO,JOINTS,pepper,222,11100,-58.9,45.2,29.1,0
[ctrl-3] ENVIADO,CTRL,3,223,11153,-18,63,0
[ctrl-nao] ENVIADO,JOINTS,nao,224,11200,40.8,9.0,-7.7,0
[ctrl-2] ENVIADO,CTRL,2,225,11251,-24,61,0
[ctrl-1] ENVIADO,CTRL,1,225,11261,-20,63,0
[ctrl-pepper] ENVIADO,JOINTS,pepper,226,11300,-55.8,39.7,29.6,0
[ctrl-spot] ENVIADO,JOINTS,spot,227,11350,8.9,10.4,-13.3,0
[ctrl-3] ENVIADO,CTRL,3,228,11400,-22,64,0
[ctrl-nao] ENVIADO,JOINTS,nao,229,11450,49.9,12.8,-10.8,0
[ctrl-2] ENVIADO,CTRL,2,230,11500,-19,64,0
[ctrl-1] ENVIADO,CTRL,1,230,11502,-24,65,0
[ctrl-pepper] ENVIADO,JOINTS,pepper,231,11550,-49.1,32.9,30.0,0
[ctrl-spot] ENVIADO,JOINTS,spot,232,11600,5.0,12.1,-12.4,0
[ctrl-nao] ENVIADO,JOINTS,nao,233,11650,55.3,16.5,-13.2,0
[ctrl-3] ENVIADO,CTRL,3,233,11650,-24,66,0
[ctrl-2] ENVIADO,CTRL,2,234,11701,-21,63,0
[ctrl-1] ENVIADO,CTRL,1,235,11752,-28,62,0
[ctrl-pepper] ENVIADO,JOINTS,pepper,235,11750,-41.7,27.7,30.0,0
[ctrl-spot] ENVIADO,JOINTS,spot,236,11800,1.7,13.2,-11.6,0
[ctrl-3] ENVIADO,CTRL,3,237,11850,-13,67,0
[ctrl-nao] ENVIADO,JOINTS,nao,238,11901,59.2,22.0,-16.1,0
[ctrl-1] ENVIADO,CTRL,1,239,11952,-25,64,0
[ctrl-2] ENVIADO,CTRL,2,239,11950,-21,65,0
[ctrl-1] ESTADO,ctrl-1,127.0.0.1,-40,1
[ctrl-spot] ESTADO,ctrl-spot,127.0.0.1,-40,1
[ctrl-spot] RTT,0
[ctrl-1] RTT,0
[ctrl-2] ESTADO,ctrl-2,127.0.0.1,-40,1
[ctrl-nao] ESTADO,ctrl-nao,127.0.0.1,-40,1
[ctrl-2] RTT,0
[ctrl-3] ESTADO,ctrl-3,127.0.0.1,-40,1
[ctrl-3] RTT,1
[ctrl-nao] RTT,0
[ctrl-pepper] ESTADO,ctrl-pepper,127.0.0.1,-40,1
[ctrl-pepper] ENVIADO,JOINTS,pepper,240,12001,-30.5,21.7,29.7,1
[ctrl-pepper] RTT,1
[esclava] ESTADO,esclava,127.0.0.1,-40,1
[ctrl-spot] ENVIADO,JOINTS,spot,241,12050,-2.5,14.2,-10.5,1
[ctrl-3] ENVIADO,CTRL,3,242,12100,-16,63,0
[ctrl-1] ENVIADO,CTRL,1,243,12152,-25,62,0
[ctrl-2] ENVIADO,CTRL,2,243,12155,-27,61,0
[ctrl-nao] ENVIADO,JOINTS,nao,243,12155,59.8,28.1,-18.8,1
[ctrl-pepper] ENVIADO,JOINTS,pepper,244,12200,-20.3,17.3,29.2,1
[ctrl-spot] ENVIADO,JOINTS,spot,245,12251,-5.8,14.8,-9.5,1
[ctrl-3] ENVIADO,CTRL,3,246,12300,-19,65,0
[ctrl-1] ENVIADO,CTRL,1,247,12352,-24,61,0
[ctrl-nao] ENVIADO,JOINTS,nao,248,12400,57.2,34.6,-21.2,1
[ctrl-2] ENVIADO,CTRL,2,248,12401,-19,63,0
[ctrl-pepper] ENVIADO,JOINTS,pepper,249,12450,-6.6,12.6,28.2,1
[ctrl-spot] ENVIADO,JOINTS,spot,250,12500,-9.6,15.0,-8.2,0
[ctrl-3] ENVIADO,CTRL,3,251,12550,-20,62,0
[ctrl-1] ENVIADO,CTRL,1,251,12556,-29,63,0
[ctrl-nao] ENVIADO,JOINTS,nao,252,12600,52.8,40.0,-23.0,0
[ctrl-pepper] ENVIADO,JOINTS,pepper,253,12650,4.8,9.5,27.2,0
[ctrl-2] ENVIADO,CTRL,2,253,12650,-27,62,0
[ctrl-spot] ENVIADO,JOINTS,spot,254,12700,-12.3,14.9,-7.1,0
[esclava] LEDS,OK,OK,OK,OK,OK,OK
[esclava] # [● placa/MQTT]  ● player-1  ● player-2  ● player-3  ● sim-spot  ● sim-pepper  ● sim-nao
[ctrl-3] ENVIADO,CTRL,3,255,12750,-19,66,0
[ctrl-1] ENVIADO,CTRL,1,256,12802,-37,59,0
[ctrl-nao] ENVIADO,JOINTS,nao,257,12850,44.7,46.9,-25.0,0
[ctrl-pepper] ENVIADO,JOINTS,pepper,257,12850,15.9,7.0,26.0,0
[ctrl-2] ENVIADO,CTRL,2,258,12900,-29,60,0
[ctrl-spot] ENVIADO,JOINTS,spot,258,12901,-14.6,14.5,-5.9,0
[ctrl-3] ENVIADO,CTRL,3,260,13000,-25,63,0
[ctrl-1] ENVIADO,CTRL,1,261,13052,-36,60,0
[ctrl-nao] ENVIADO,JOINTS,nao,261,13050,36.3,52.4,-26.4,0
[ctrl-pepper] ENVIADO,JOINTS,pepper,262,13100,28.9,4.9,24.2,0
[ctrl-spot] ENVIADO,JOINTS,spot,263,13150,-16.6,13.6,-4.3,0
[ctrl-2] ENVIADO,CTRL,2,263,13150,-34,58,0
[ctrl-nao] ENVIADO,JOINTS,nao,265,13250,26.8,57.7,-27.5,0
[ctrl-1] ENVIADO,CTRL,1,265,13253,-35,55,0
[ctrl-3] ENVIADO,CTRL,3,265,13250,-22,62,0
[ctrl-pepper] ENVIADO,JOINTS,pepper,267,13350,40.4,4.0,22.1,0
[ctrl-2] ENVIADO,CTRL,2,267,13350,-32,61,0
[ctrl-spot] ENVIADO,JOINTS,spot,268,13400,-17.8,12.2,-2.7,0
[ctrl-nao] ENVIADO,JOINTS,nao,269,13450,16.2,62.7,-28.5,0
[ctrl-1] ENVIADO,CTRL,1,270,13502,-28,60,0
[ctrl-3] ENVIADO,CTRL,3,270,13500,-24,61,0
[ctrl-pepper] ENVIADO,JOINTS,pepper,271,13550,48.0,4.2,20.3,0
[ctrl-spot] ENVIADO,JOINTS,spot,272,13600,-18.0,10.9,-1.4,0
[ctrl-2] ENVIADO,CTRL,2,272,13600,-27,62,0
[ctrl-nao] ENVIADO,JOINTS,nao,274,13700,2.3,68.5,-29.3,0
[ctrl-1] ENVIADO,CTRL,1,275,13752,-26,64,0
[ctrl-3] ENVIADO,CTRL,3,275,13750,-32,58,0
[ctrl-pepper] ENVIADO,JOINTS,pepper,275,13750,53.9,5.1,18.3,0
[ctrl-spot] ENVIADO,JOINTS,spot,276,13800,-17.6,9.4,-0.1,0
[ctrl-2] ENVIADO,CTRL,2,277,13850,-27,63,0
[ctrl-nao] ENVIADO,JOINTS,nao,278,13901,-9.0,72.7,-29.8,0
[ctrl-3] ENVIADO,CTRL,3,279,13950,-36,62,0
[ctrl-1] ENVIADO,CTRL,1,279,13953,-23,63,0
[ctrl-1] ESTADO,ctrl-1,127.0.0.1,-40,1
[ctrl-1] RTT,0
[ctrl-nao] ESTADO,ctrl-nao,127.0.0.1,-40,1
[ctrl-nao] RTT,0
[ctrl-2] ESTADO,ctrl-2,127.0.0.1,-40,1
[ctrl-2] RTT,0
[ctrl-3] ESTADO,ctrl-3,127.0.0.1,-40,1
[ctrl-3] RTT,0
[ctrl-pepper] ESTADO,ctrl-pepper,127.0.0.1,-40,1
[ctrl-pepper] ENVIADO,JOINTS,pepper,280,14001,58.6,7.2,15.5,0
[ctrl-pepper] RTT,0
[ctrl-spot] ESTADO,ctrl-spot,127.0.0.1,-40,1
[ctrl-spot] ENVIADO,JOINTS,spot,280,14001,-16.5,7.7,1.2,0
[ctrl-spot] RTT,0
[esclava] ESTADO,esclava,127.0.0.1,-40,1
[ctrl-2] ENVIADO,CTRL,2,281,14050,-33,60,0
[ctrl-nao] ENVIADO,JOINTS,nao,283,14150,-22.6,77.0,-30.0,0
[ctrl-1] ENVIADO,CTRL,1,283,14153,-15,66,0
[ctrl-3] ENVIADO,CTRL,3,284,14200,-33,59,0
[ctrl-pepper] ENVIADO,JOINTS,pepper,285,14250,60.0,10.5,12.6,0
[ctrl-spot] ENVIADO,JOINTS,spot,285,14250,-14.4,5.4,2.9,0
[ctrl-2] ENVIADO,CTRL,2,286,14300,-26,64,0
[ctrl-nao] ENVIADO,JOINTS,nao,287,14350,-32.6,79.8,-29.9,0
[ctrl-3] ENVIADO,CTRL,3,288,14400,-29,60,0
[ctrl-1] ENVIADO,CTRL,1,288,14402,-13,69,0
[ctrl-pepper] ENVIADO,JOINTS,pepper,289,14450,58.7,13.8,10.2,0
[ctrl-spot] ENVIADO,JOINTS,spot,290,14500,-11.5,2.9,4.5,0
[ctrl-2] ENVIADO,CTRL,2,291,14550,-32,61,0
[ctrl-nao] ENVIADO,JOINTS,nao,291,14553,-41.6,82.0,-29.6,0
[ctrl-3] ENVIADO,CTRL,3,292,14600,-29,60,0
[ctrl-1] ENVIADO,CTRL,1,293,14652,3,69,0
[ctrl-pepper] ENVIADO,JOINTS,pepper,294,14700,54.3,18.8,7.0,0
[ctrl-spot] ENVIADO,JOINTS,spot,294,14700,-8.7,0.8,5.7,0
[esclava] LEDS,OK,OK,OK,OK,OK,OK
[esclava] # [● placa/MQTT]  ● player-1  ● player-2  ● player-3  ● sim-spot  ● sim-pepper  ● sim-nao
[ctrl-2] ENVIADO,CTRL,2,295,14750,-25,63,0
[ctrl-nao] ENVIADO,JOINTS,nao,296,14800,-50.4,83.5,-28.9,0
[ctrl-3] ENVIADO,CTRL,3,297,14850,-28,60,0
[ctrl-1] ENVIADO,CTRL,1,298,14902,9,65,0
[ctrl-spot] ENVIADO,JOINTS,spot,299,14950,-4.8,-1.7,7.2,0
[ctrl-pepper] ENVIADO,JOINTS,pepper,299,14950,46.8,24.4,3.8,0
[ctrl-2] ENVIADO,CTRL,2,300,15000,-16,65,0
[ctrl-nao] ENVIADO,JOINTS,nao,301,15050,-56.6,84.0,-27.8,0
[ctrl-3] ENVIADO,CTRL,3,301,15050,-27,60,0
[ctrl-spot] ENVIADO,JOINTS,spot,303,15150,-1.4,-3.8,8.3,0
[ctrl-pepper] ENVIADO,JOINTS,pepper,303,15150,38.9,29.5,1.1,0
[ctrl-1] ENVIADO,CTRL,1,303,15155,11,66,0
[ctrl-2] ENVIADO,CTRL,2,304,15200,-13,67,0
[ctrl-nao] ENVIADO,JOINTS,nao,305,15250,-59.3,83.5,-26.8,0
[ctrl-3] ENVIADO,CTRL,3,306,15300,-33,59,0
[ctrl-spot] ENVIADO,JOINTS,spot,308,15400,2.8,-6.2,9.6,0
[ctrl-1] ENVIADO,CTRL,1,308,15403,19,66,0
[ctrl-pepper] ENVIADO,JOINTS,pepper,308,15400,27.2,36.1,-2.1,0
[ctrl-2] ENVIADO,CTRL,2,309,15450,0,67,0
[ctrl-nao] ENVIADO,JOINTS,nao,310,15500,-59.8,81.8,-25.1,0
[ctrl-3] ENVIADO,CTRL,3,310,15500,-29,61,0
[ctrl-spot] ENVIADO,JOINTS,spot,312,15601,6.1,-8.0,10.6,0
[ctrl-pepper] ENVIADO,JOINTS,pepper,313,15650,14.0,42.9,-5.4,0
[ctrl-1] ENVIADO,CTRL,1,313,15652,14,65,0
[ctrl-2] ENVIADO,CTRL,2,313,15650,4,69,0
[ctrl-nao] ENVIADO,JOINTS,nao,315,15750,-56.9,79.0,-23.2,0
[ctrl-3] ENVIADO,CTRL,3,315,15750,-24,60,0
[ctrl-2] ENVIADO,CTRL,2,317,15850,9,67,0
[ctrl-spot] ENVIADO,JOINTS,spot,317,15850,9.9,-10.1,11.7,0
[ctrl-pepper] ENVIADO,JOINTS,pepper,317,15850,2.8,48.4,-8.0,0
[ctrl-1] ENVIADO,CTRL,1,318,15902,23,62,0
[ctrl-nao] ENVIADO,JOINTS,nao,319,15950,-52.3,76.0,-21.4,0
[ctrl-1] ESTADO,ctrl-1,127.0.0.1,-40,1
[ctrl-pepper] ESTADO,ctrl-pepper,127.0.0.1,-40,1
[ctrl-3] ESTADO,ctrl-3,127.0.0.1,-40,1
[ctrl-1] RTT,1
[ctrl-spot] ESTADO,ctrl-spot,127.0.0.1,-40,1
[ctrl-2] ESTADO,ctrl-2,127.0.0.1,-40,1
[ctrl-nao] ESTADO,ctrl-nao,127.0.0.1,-40,1
[ctrl-pepper] RTT,0
[ctrl-3] ENVIADO,CTRL,3,320,16000,-19,66,0
[ctrl-3] RTT,1
[ctrl-spot] RTT,1
[ctrl-nao] RTT,1
[ctrl-2] RTT,0
[esclava] ESTADO,esclava,127.0.0.1,-40,1
[ctrl-pepper] ENVIADO,JOINTS,pepper,321,16050,-8.5,53.9,-10.5,0
[ctrl-spot] ENVIADO,JOINTS,spot,322,16100,13.1,-11.8,12.7,0
[ctrl-2] ENVIADO,CTRL,2,322,16100,17,68,0
[ctrl-1] ENVIADO,CTRL,1,323,16152,20,65,0
[ctrl-nao] ENVIADO,JOINTS,nao,324,16200,-44.0,71.4,-18.9,0
[ctrl-3] ENVIADO,CTRL,3,324,16200,-9,65,0
[ctrl-pepper] ENVIADO,JOINTS,pepper,326,16300,-22.1,60.4,-13.5,0
[ctrl-spot] ENVIADO,JOINTS,spot,326,16300,15.2,-13.0,13.3,0
[ctrl-2] ENVIADO,CTRL,2,326,16300,13,64,0
[ctrl-1] ENVIADO,CTRL,1,327,16352,33,60,0
[ctrl-nao] ENVIADO,JOINTS,nao,328,16400,-35.6,67.1,-16.8,0
[ctrl-3] ENVIADO,CTRL,3,329,16450,0,72,0
[ctrl-pepper] ENVIADO,JOINTS,pepper,330,16500,-32.2,65.3,-15.8,0
[ctrl-spot] ENVIADO,JOINTS,spot,330,16500,16.7,-13.9,13.9,0
[ctrl-2] ENVIADO,CTRL,2,331,16550,20,64,0
[ctrl-1] ENVIADO,CTRL,1,331,16553,25,62,0
[ctrl-nao] ENVIADO,JOINTS,nao,332,16601,-25.9,62.4,-14.6,0
[ctrl-3] ENVIADO,CTRL,3,334,16700,13,67,0
[esclava] LEDS,OK,OK,OK,OK,OK,OK
[esclava] # [● placa/MQTT]  ● player-1  ● player-2  ● player-3  ● sim-spot  ● sim-pepper  ● sim-nao
[ctrl-spot] ENVIADO,JOINTS,spot,335,16750,17.8,-14.7,14.4,0
[ctrl-pepper] ENVIADO,JOINTS,pepper,335,16750,-43.1,70.8,-18.5,0
[ctrl-2] ENVIADO,CTRL,2,335,16750,22,66,0
[ctrl-1] ENVIADO,CTRL,1,336,16802,31,61,0
[ctrl-nao] ENVIADO,JOINTS,nao,337,16850,-12.5,56.0,-11.6,0
[ctrl-3] ENVIADO,CTRL,3,339,16950,15,65,0
[ctrl-2] ENVIADO,CTRL,2,339,16950,22,63,0
[ctrl-spot] ENVIADO,JOINTS,spot,340,17000,17.9,-15.0,14.8,0
[ctrl-pepper] ENVIADO,JOINTS,pepper,340,17000,-51.7,75.5,-21.0,0
[ctrl-1] ENVIADO,CTRL,1,341,17052,27,61,0
[ctrl-nao] ENVIADO,JOINTS,nao,342,17100,1.5,49.3,-8.5,0
[ctrl-3] ENVIADO,CTRL,3,343,17150,15,64,0
[ctrl-2] ENVIADO,CTRL,2,344,17200,26,62,0
[ctrl-spot] ENVIADO,JOINTS,spot,345,17250,17.0,-14.9,15.0,0
[ctrl-pepper] ENVIADO,JOINTS,pepper,345,17250,-57.4,79.3,-23.2,0
[ctrl-nao] ENVIADO,JOINTS,nao,346,17300,12.7,43.7,-5.9,0
[ctrl-1] ENVIADO,CTRL,1,346,17302,38,58,0
[ctrl-3] ENVIADO,CTRL,3,348,17400,19,64,0
[ctrl-pepper] ENVIADO,JOINTS,pepper,349,17450,-59.6,81.5,-24.8,0
[ctrl-2] ENVIADO,CTRL,2,349,17450,27,60,0
[ctrl-nao] ENVIADO,JOINTS,nao,350,17500,23.5,38.2,-3.3,0
[ctrl-1] ENVIADO,CTRL,1,350,17502,35,57,0
[ctrl-spot] ENVIADO,JOINTS,spot,350,17500,15.2,-14.3,15.0,0
[ctrl-3] ENVIADO,CTRL,3,353,17650,22,65,0
[ctrl-2] ENVIADO,CTRL,2,354,17700,26,62,0
[ctrl-pepper] ENVIADO,JOINTS,pepper,354,17700,-59.5,83.4,-26.5,0
[ctrl-spot] ENVIADO,JOINTS,spot,355,17750,12.5,-13.3,14.8,0
[ctrl-1] ENVIADO,CTRL,1,355,17752,39,58,0
[ctrl-nao] ENVIADO,JOINTS,nao,355,17750,35.7,31.5,-0.1,0
[ctrl-3] ENVIADO,CTRL,3,358,17900,16,65,0
[ctrl-2] ENVIADO,CTRL,2,358,17900,29,63,0
[ctrl-pepper] ENVIADO,JOINTS,pepper,359,17950,-56.1,84.0,-27.9,0
[ctrl-1] ENVIADO,CTRL,1,359,17952,39,57,0
[ctrl-spot] ENVIADO,JOINTS,spot,359,17950,9.9,-12.2,14.5,0
[ctrl-nao] ENVIADO,JOINTS,nao,359,17950,44.1,26.4,2.6,0
[ctrl-1] ESTADO,ctrl-1,127.0.0.1,-40,1
[ctrl-1] RTT,0
[ctrl-pepper] ESTADO,ctrl-pepper,127.0.0.1,-40,1
[ctrl-2] ESTADO,ctrl-2,127.0.0.1,-40,1
[ctrl-spot] ESTADO,ctrl-spot,127.0.0.1,-40,1
[ctrl-spot] RTT,1
[ctrl-nao] ESTADO,ctrl-nao,127.0.0.1,-40,1
[ctrl-2] RTT,1
[ctrl-3] ESTADO,ctrl-3,127.0.0.1,-40,1
[ctrl-3] RTT,1
[ctrl-pepper] RTT,1
[ctrl-nao] RTT,1
[esclava] ESTADO,esclava,127.0.0.1,-40,1
[ctrl-3] ENVIADO,CTRL,3,362,18100,24,63,0
[ctrl-1] ENVIADO,CTRL,1,363,18152,43,59,0
[ctrl-spot] ENVIADO,JOINTS,spot,363,18150,6.9,-10.9,14.2,0
[ctrl-pepper] ENVIADO,JOINTS,pepper,363,18150,-51.1,83.7,-28.8,0
[ctrl-2] ENVIADO,CTRL,2,363,18151,34,59,0
[ctrl-nao] ENVIADO,JOINTS,nao,364,18200,52.4,20.5,5.8,0
[ctrl-3] ENVIADO,CTRL,3,366,18301,29,63,0
[ctrl-pepper] ENVIADO,JOINTS,pepper,368,18400,-42.4,82.2,-29.5,0
[ctrl-spot] ENVIADO,JOINTS,spot,368,18400,2.8,-9.0,13.5,0
[ctrl-2] ENVIADO,CTRL,2,368,18400,33,61,0
[ctrl-1] ENVIADO,CTRL,1,368,18403,42,57,0
[ctrl-nao] ENVIADO,JOINTS,nao,369,18450,57.8,15.3,9.0,0
[ctrl-3] ENVIADO,CTRL,3,371,18550,22,61,0
[ctrl-spot] ENVIADO,JOINTS,spot,372,18600,-0.5,-7.2,12.9,0
[ctrl-2] ENVIADO,CTRL,2,373,18650,33,60,0
[ctrl-pepper] ENVIADO,JOINTS,pepper,373,18650,-31.3,79.6,-29.9,0
[ctrl-1] ENVIADO,CTRL,1,373,18652,38,59,0
[ctrl-nao] ENVIADO,JOINTS,nao,373,18651,59.8,11.7,11.5,0
[esclava] LEDS,OK,OK,OK,OK,OK,OK
[esclava] # [● placa/MQTT]  ● player-1  ● player-2  ● player-3  ● sim-spot  ● sim-pepper  ● sim-nao
[ctrl-3] ENVIADO,CTRL,3,375,18753,30,61,0
[ctrl-spot] ENVIADO,JOINTS,spot,377,18850,-4.7,-4.9,12.0,0
[ctrl-1] ENVIADO,CTRL,1,377,18852,35,60,0
[ctrl-2] ENVIADO,CTRL,2,377,18850,37,59,0
[ctrl-pepper] ENVIADO,JOINTS,pepper,377,18851,-21.1,76.7,-30.0,0
[ctrl-nao] ENVIADO,JOINTS,nao,378,18900,59.3,8.1,14.5,0
[ctrl-3] ENVIADO,CTRL,3,380,19000,37,59,0
[ctrl-2] ENVIADO,CTRL,2,381,19050,44,54,0
[ctrl-1] ENVIADO,CTRL,1,381,19055,28,63,0
[ctrl-pepper] ENVIADO,JOINTS,pepper,382,19100,-7.5,72.2,-29.8,0
[ctrl-nao] ENVIADO,JOINTS,nao,382,19100,56.6,6.0,16.7,0
[ctrl-spot] ENVIADO,JOINTS,spot,382,19100,-8.7,-2.3,10.9,0
[ctrl-3] ENVIADO,CTRL,3,384,19200,36,57,0
[ctrl-2] ENVIADO,CTRL,2,385,19250,44,55,0
[ctrl-1] ENVIADO,CTRL,1,386,19302,26,62,0
[ctrl-pepper] ENVIADO,JOINTS,pepper,386,19300,3.8,68.1,-29.3,0
[ctrl-spot] ENVIADO,JOINTS,spot,387,19350,-12.1,0.2,9.7,0
[ctrl-nao] ENVIADO,JOINTS,nao,387,19350,50.3,4.4,19.4,0
[ctrl-3] ENVIADO,CTRL,3,388,19406,34,60,0
[ctrl-1] ENVIADO,CTRL,1,390,19502,21,61,0
[ctrl-2] ENVIADO,CTRL,2,390,19500,40,56,0
[ctrl-pepper] ENVIADO,JOINTS,pepper,391,19550,17.7,62.2,-28.4,0
[ctrl-spot] ENVIADO,JOINTS,spot,391,19550,-14.4,2.3,8.7,0
[ctrl-nao] ENVIADO,JOINTS,nao,392,19600,41.4,4.0,21.8,0
[ctrl-3] ENVIADO,CTRL,3,393,19650,35,54,0
[ctrl-1] ENVIADO,CTRL,1,395,19752,20,66,0
[ctrl-spot] ENVIADO,JOINTS,spot,395,19753,-16.2,4.3,7.6,0
[ctrl-2] ENVIADO,CTRL,2,395,19750,33,59,0
[ctrl-pepper] ENVIADO,JOINTS,pepper,396,19800,30.6,55.8,-27.2,0
[ctrl-nao] ENVIADO,JOINTS,nao,396,19800,32.5,4.5,23.5,0
[ctrl-3] ENVIADO,CTRL,3,398,19900,41,58,0
[ctrl-1] ESTADO,ctrl-1,127.0.0.1,-40,1
[ctrl-1] ENVIADO,CTRL,1,400,20002,8,68,0
[ctrl-1] RTT,0
[ctrl-3] ESTADO,ctrl-3,127.0.0.1,-40,1
[ctrl-3] RTT,0
[ctrl-2] ESTADO,ctrl-2,127.0.0.1,-40,1
[ctrl-nao] ESTADO,ctrl-nao,127.0.0.1,-40,1
[ctrl-nao] RTT,0
[ctrl-pepper] ESTADO,ctrl-pepper,127.0.0.1,-40,1
[ctrl-spot] ESTADO,ctrl-spot,127.0.0.1,-40,1
[ctrl-2] ENVIADO,CTRL,2,400,20000,30,60,0
[ctrl-2] RTT,1
[ctrl-spot] ENVIADO,JOINTS,spot,400,20001,-17.6,6.7,6.1,0
[ctrl-spot] RTT,1
[ctrl-pepper] ENVIADO,JOINTS,pepper,400,20001,39.7,50.4,-26.0,0
[ctrl-pepper] RTT,1
[esclava] ESTADO,esclava,127.0.0.1,-40,1
[ctrl-nao] ENVIADO,JOINTS,nao,401,20050,19.8,6.2,25.4,0
[ctrl-3] ENVIADO,CTRL,3,403,20150,43,59,0
[ctrl-2] ENVIADO,CTRL,2,404,20200,21,65,0
[ctrl-spot] ENVIADO,JOINTS,spot,405,20250,-18.0,8.9,4.6,0
[ctrl-1] ENVIADO,CTRL,1,405,20252,2,71,0
[ctrl-nao] ENVIADO,JOINTS,nao,405,20250,8.8,8.4,26.7,0
[ctrl-pepper] ENVIADO,JOINTS,pepper,405,20250,49.1,43.5,-24.2,0
[ctrl-3] ENVIADO,CTRL,3,407,20350,42,55,0
[ctrl-2] ENVIADO,CTRL,2,408,20401,13,64,0
[ctrl-spot] ENVIADO,JOINTS,spot,409,20450,-17.6,10.5,3.3,0
[ctrl-pepper] ENVIADO,JOINTS,pepper,409,20451,54.7,38.0,-22.5,0
[ctrl-nao] ENVIADO,JOINTS,nao,410,20500,-5.2,12.1,28.0,0
[ctrl-1] ENVIADO,CTRL,1,410,20502,-7,68,0
[ctrl-3] ENVIADO,CTRL,3,412,20600,39,59,0
[ctrl-2] ENVIADO,CTRL,2,413,20650,17,63,0
[ctrl-spot] ENVIADO,JOINTS,spot,414,20700,-16.3,12.2,1.7,0
[ctrl-pepper] ENVIADO,JOINTS,pepper,414,20700,58.9,31.3,-20.2,0
[ctrl-1] ENVIADO,CTRL,1,415,20752,-22,64,0
[ctrl-nao] ENVIADO,JOINTS,nao,415,20750,-19.1,16.7,29.0,0
[esclava] LEDS,OK,OK,OK,OK,OK,OK
[esclava] # [● placa/MQTT]  ● player-1  ● player-2  ● player-3  ● sim-spot  ● sim-pepper  ● sim-nao
[ctrl-3] ENVIADO,CTRL,3,416,20800,32,56,0
[ctrl-pepper] ENVIADO,JOINTS,pepper,418,20901,60.0,26.2,-18.2,0
[ctrl-spot] ENVIADO,JOINTS,spot,418,20902,-14.6,13.3,0.4,0
[ctrl-2] ENVIADO,CTRL,2,418,20902,8,68,0
[ctrl-1] ENVIADO,CTRL,1,419,20952,-22,62,0
[ctrl-3] ENVIADO,CTRL,3,420,21001,27,61,0
[ctrl-nao] ENVIADO,JOINTS,nao,420,21003,-31.9,22.2,29.7,0
[ctrl-2] ENVIADO,CTRL,2,423,21150,-3,72,0
[ctrl-pepper] ENVIADO,JOINTS,pepper,423,21151,58.3,20.3,-15.4,0
[ctrl-spot] ENVIADO,JOINTS,spot,423,21151,-11.7,14.3,-1.3,0
[ctrl-1] ENVIADO,CTRL,1,424,21202,-27,62,0
[ctrl-nao] ENVIADO,JOINTS,nao,425,21250,-42.8,28.2,30.0,0
[ctrl-3] ENVIADO,CTRL,3,425,21250,19,64,0
[ctrl-2] ENVIADO,CTRL,2,427,21350,-7,65,0
[ctrl-pepper] ENVIADO,JOINTS,pepper,428,21400,53.5,15.2,-12.5,0
[ctrl-spot] ENVIADO,JOINTS,spot,428,21400,-8.2,14.9,-2.9,0
[ctrl-nao] ENVIADO,JOINTS,nao,429,21450,-49.9,33.5,30.0,0
[ctrl-1] ENVIADO,CTRL,1,429,21452,-36,57,0
[ctrl-3] ENVIADO,CTRL,3,430,21500,12,62,0
[ctrl-pepper] ENVIADO,JOINTS,pepper,432,21600,47.4,11.6,-10.1,0
[ctrl-2] ENVIADO,CTRL,2,432,21600,-18,62,0
[ctrl-spot] ENVIADO,JOINTS,spot,433,21650,-4.2,15.0,-4.5,0
[ctrl-nao] ENVIADO,JOINTS,nao,434,21700,-56.3,40.3,29.6,0
[ctrl-1] ENVIADO,CTRL,1,434,21704,-43,58,0
[ctrl-3] ENVIADO,CTRL,3,435,21750,7,65,0
[ctrl-pepper] ENVIADO,JOINTS,pepper,436,21800,39.7,8.7,-7.6,0
[ctrl-spot] ENVIADO,JOINTS,spot,437,21850,-0.9,14.8,-5.7,0
[ctrl-2] ENVIADO,CTRL,2,437,21850,-18,63,0
[ctrl-1] ENVIADO,CTRL,1,438,21903,-47,59,0
[ctrl-nao] ENVIADO,JOINTS,nao,439,21950,-59.6,47.2,28.9,0
[ctrl-1] ESTADO,ctrl-1,127.0.0.1,-40,1
[ctrl-nao] ESTADO,ctrl-nao,127.0.0.1,-40,1
[ctrl-3] ESTADO,ctrl-3,127.0.0.1,-40,1
[ctrl-pepper] ESTADO,ctrl-pepper,127.0.0.1,-40,1
[ctrl-nao] RTT,0
[ctrl-spot] ESTADO,ctrl-spot,127.0.0.1,-40,1
[ctrl-spot] RTT,0
[ctrl-3] ENVIADO,CTRL,3,440,22000,2,70,0
[ctrl-3] RTT,1
[ctrl-1] RTT,1
[ctrl-pepper] RTT,1
[ctrl-2] ESTADO,ctrl-2,127.0.0.1,-40,1
[ctrl-2] RTT,1
[esclava] ESTADO,esclava,127.0.0.1,-40,1
[ctrl-pepper] ENVIADO,JOINTS,pepper,441,22050,28.1,6.0,-4.3,0
[ctrl-2] ENVIADO,CTRL,2,441,22050,-30,62,0
[ctrl-spot] ENVIADO,JOINTS,spot,442,22100,3.4,14.1,-7.2,0
[ctrl-1] ENVIADO,CTRL,1,443,22152,-55,52,0
[ctrl-nao] ENVIADO,JOINTS,nao,444,22200,-59.6,54.0,27.8,0
[ctrl-3] ENVIADO,CTRL,3,445,22250,-7,69,0
[ctrl-pepper] ENVIADO,JOINTS,pepper,445,22250,17.6,4.6,-1.7,0
[ctrl-2] ENVIADO,CTRL,2,445,22250,-33,59,0
[ctrl-spot] ENVIADO,JOINTS,spot,447,22350,7.4,13.0,-8.6,0
[ctrl-nao] ENVIADO,JOINTS,nao,448,22400,-57.2,59.2,26.7,0
[ctrl-1] ENVIADO,CTRL,1,448,22403,-46,56,0
[ctrl-3] ENVIADO,CTRL,3,449,22450,-18,64,0
[ctrl-pepper] ENVIADO,JOINTS,pepper,450,22500,3.7,4.0,1.6,0
[ctrl-2] ENVIADO,CTRL,2,450,22500,-44,60,0
[ctrl-spot] ENVIADO,JOINTS,spot,452,22600,11.0,11.6,-9.9,0
[ctrl-nao] ENVIADO,JOINTS,nao,452,22600,-52.8,64.2,25.4,0
[ctrl-1] ENVIADO,CTRL,1,453,22652,-41,56,0
[ctrl-3] ENVIADO,CTRL,3,453,22650,-25,64,0
[ctrl-pepper] ENVIADO,JOINTS,pepper,455,22750,-10.3,4.6,4.9,0
[ctrl-2] ENVIADO,CTRL,2,455,22750,-49,53,0
[esclava] LEDS,OK,OK,OK,OK,OK,OK
[esclava] # [● placa/MQTT]  ● player-1  ● player-2  ● player-3  ● sim-spot  ● sim-pepper  ● sim-nao
[ctrl-spot] ENVIADO,JOINTS,spot,456,22800,13.5,10.1,-10.9,0
[ctrl-nao] ENVIADO,JOINTS,nao,456,22800,-46.5,68.7,23.9,0
[ctrl-1] ENVIADO,CTRL,1,457,22852,-32,62,0
[ctrl-3] ENVIADO,CTRL,3,458,22900,-33,59,0
[ctrl-pepper] ENVIADO,JOINTS,pepper,459,22950,-21.2,5.9,7.4,0
[ctrl-2] ENVIADO,CTRL,2,459,22953,-48,54,0
[ctrl-spot] ENVIADO,JOINTS,spot,461,23050,15.9,8.1,-11.9,0
[ctrl-nao] ENVIADO,JOINTS,nao,461,23050,-36.3,73.8,21.8,0
[ctrl-1] ENVIADO,CTRL,1,461,23055,-25,61,0
[ctrl-3] ENVIADO,CTRL,3,462,23100,-29,58,0
[ctrl-pepper] ENVIADO,JOINTS,pepper,464,23200,-33.8,8.5,10.6,0
[ctrl-2] ENVIADO,CTRL,2,464,23200,-50,52,0
[ctrl-spot] ENVIADO,JOINTS,spot,465,23250,17.2,6.3,-12.7,0
[ctrl-nao] ENVIADO,JOINTS,nao,465,23250,-26.7,77.2,19.9,0
[ctrl-1] ENVIADO,CTRL,1,466,23303,-16,64,0
[ctrl-3] ENVIADO,CTRL,3,466,23300,-39,58,0
[ctrl-2] ENVIADO,CTRL,2,468,23400,-45,55,0
[ctrl-pepper] ENVIADO,JOINTS,pepper,468,23400,-42.5,11.4,13.0,0
[ctrl-spot] ENVIADO,JOINTS,spot,470,23500,18.0,3.8,-13.5,0
[ctrl-nao] ENVIADO,JOINTS,nao,470,23500,-13.5,80.5,17.3,0
[ctrl-3] ENVIADO,CTRL,3,471,23550,-47,57,0
[ctrl-1] ENVIADO,CTRL,1,471,23555,-12,64,0
[ctrl-pepper] ENVIADO,JOINTS,pepper,472,23601,-49.7,14.9,15.3,0
[ctrl-2] ENVIADO,CTRL,2,472,23600,-33,55,0
[ctrl-nao] ENVIADO,JOINTS,nao,474,23700,-2.3,82.4,15.1,0
[ctrl-spot] ENVIADO,JOINTS,spot,475,23750,17.7,1.3,-14.1,0
[ctrl-2] ENVIADO,CTRL,2,476,23800,-27,61,0
[ctrl-3] ENVIADO,CTRL,3,476,23802,-57,53,0
[ctrl-1] ENVIADO,CTRL,1,476,23802,-13,68,0
[ctrl-pepper] ENVIADO,JOINTS,pepper,477,23850,-56.1,20.0,18.1,0
[ctrl-nao] ENVIADO,JOINTS,nao,479,23950,11.8,83.8,12.1,0
[ctrl-spot] ESTADO,ctrl-spot,127.0.0.1,-40,1
[ctrl-spot] ENVIADO,JOINTS,spot,480,24000,16.5,-1.3,-14.6,1
[ctrl-pepper] ESTADO,ctrl-pepper,127.0.0.1,-40,1
[ctrl-pepper] RTT,0
[ctrl-3] ESTADO,ctrl-3,127.0.0.1,-40,1
[ctrl-3] RTT,0
[ctrl-nao] ESTADO,ctrl-nao,127.0.0.1,-40,1
[ctrl-spot] RTT,0
[ctrl-2] ESTADO,ctrl-2,127.0.0.1,-40,1
[ctrl-nao] RTT,1
[ctrl-1] ESTADO,ctrl-1,127.0.0.1,-40,1
[ctrl-1] ENVIADO,CTRL,1,480,24006,-8,69,0
[ctrl-1] RTT,3
[ctrl-2] ENVIADO,CTRL,2,480,24001,-18,65,0
[ctrl-2] RTT,3
[esclava] ESTADO,esclava,127.0.0.1,-40,1
[ctrl-pepper] ENVIADO,JOINTS,pepper,481,24050,-59.1,24.7,20.1,1
[ctrl-3] ENVIADO,CTRL,3,481,24050,-51,55,0
[ctrl-spot] ENVIADO,JOINTS,spot,484,24200,14.9,-3.4,-14.8,1
[ctrl-nao] ENVIADO,JOINTS,nao,484,24200,25.2,83.9,9.0,1
[ctrl-1] ENVIADO,CTRL,1,485,24253,-3,67,0
[ctrl-2] ENVIADO,CTRL,2,485,24250,-19,65,0
[ctrl-3] ENVIADO,CTRL,3,486,24300,-42,58,0
[ctrl-pepper] ENVIADO,JOINTS,pepper,486,24300,-59.9,31.0,22.4,1
[ctrl-spot] ENVIADO,JOINTS,spot,488,24400,12.7,-5.3,-15.0,1
[ctrl-2] ENVIADO,CTRL,2,489,24450,-12,65,0
[ctrl-nao] ENVIADO,JOINTS,nao,489,24450,37.2,82.9,5.9,1
[ctrl-3] ENVIADO,CTRL,3,490,24500,-36,60,0
[ctrl-1] ENVIADO,CTRL,1,490,24503,-7,65,0
[ctrl-pepper] ENVIADO,JOINTS,pepper,491,24550,-57.3,37.7,24.5,0
[ctrl-spot] ENVIADO,JOINTS,spot,493,24650,9.4,-7.7,-15.0,0
[ctrl-3] ENVIADO,CTRL,3,494,24700,-21,64,0
[ctrl-2] ENVIADO,CTRL,2,494,24700,-9,66,0
[ctrl-nao] ENVIADO,JOINTS,nao,494,24700,47.2,80.7,2.6,0
[ctrl-1] ENVIADO,CTRL,1,495,24753,-8,68,0
[ctrl-pepper] ENVIADO,JOINTS,pepper,495,24750,-53.0,43.2,25.9,0
[esclava] LEDS,OK,OK,OK,OK,OK,OK
[esclava] # [● placa/MQTT]  ● player-1  ● player-2  ● player-3  ● sim-spot  ● sim-pepper  ● sim-nao
[ctrl-2] ENVIADO,CTRL,2,498,24900,-13,68,0
[ctrl-spot] ENVIADO,JOINTS,spot,498,24901,5.6,-9.8,-14.8,0
[ctrl-3] ENVIADO,CTRL,3,498,24901,-20,65,0
[ctrl-nao] ENVIADO,JOINTS,nao,498,24901,53.3,78.1,-0.1,0
[ctrl-pepper] ENVIADO,JOINTS,pepper,500,25000,-45.0,50.1,27.4,0
[ctrl-1] ENVIADO,CTRL,1,500,25002,-8,72,0
[ctrl-2] ENVIADO,CTRL,2,503,25150,-9,67,0
[ctrl-spot] ENVIADO,JOINTS,spot,503,25150,1.4,-11.6,-14.4,0
[ctrl-3] ENVIADO,CTRL,3,503,25150,-17,63,0
[ctrl-nao] ENVIADO,JOINTS,nao,503,25150,58.3,74.1,-3.3,0
[ctrl-pepper] ENVIADO,JOINTS,pepper,504,25200,-36.8,55.5,28.4,0
[ctrl-1] ENVIADO,CTRL,1,504,25204,-5,70,0
[ctrl-2] ENVIADO,CTRL,2,507,25350,-8,67,0
[ctrl-spot] ENVIADO,JOINTS,spot,507,25350,-2.0,-12.8,-14.0,0
[ctrl-nao] ENVIADO,JOINTS,nao,507,25350,59.9,70.1,-5.9,0
[ctrl-3] ENVIADO,CTRL,3,508,25400,-9,65,0
[ctrl-pepper] ENVIADO,JOINTS,pepper,508,25400,-27.2,60.6,29.1,0
[ctrl-1] ENVIADO,CTRL,1,509,25452,-5,67,0
[ctrl-2] ENVIADO,CTRL,2,512,25600,-4,68,0
[ctrl-nao] ENVIADO,JOINTS,nao,512,25600,59.0,64.6,-9.1,0
[ctrl-3] ENVIADO,CTRL,3,512,25601,-5,67,0
[ctrl-spot] ENVIADO,JOINTS,spot,512,25600,-6.1,-13.9,-13.4,0
[ctrl-pepper] ENVIADO,JOINTS,pepper,513,25650,-14.0,66.6,29.7,0
[ctrl-1] ENVIADO,CTRL,1,513,25653,-11,70,0
[ctrl-2] ENVIADO,CTRL,2,516,25800,-5,69,0
[ctrl-nao] ENVIADO,JOINTS,nao,517,25850,54.8,58.3,-12.2,0
[ctrl-spot] ENVIADO,JOINTS,spot,517,25851,-9.9,-14.7,-12.5,0
[ctrl-pepper] ENVIADO,JOINTS,pepper,517,25851,-2.7,71.0,30.0,0
[ctrl-3] ENVIADO,CTRL,3,517,25851,-8,69,0
[ctrl-1] ENVIADO,CTRL,1,518,25903,-11,66,0
[ctrl-1] ESTADO,ctrl-1,127.0.0.1,-40,1
[ctrl-nao] ESTADO,ctrl-nao,127.0.0.1,-40,1
[ctrl-nao] RTT,0
[ctrl-pepper] ESTADO,ctrl-pepper,127.0.0.1,-40,1
[ctrl-pepper] RTT,0
[ctrl-2] ESTADO,ctrl-2,127.0.0.1,-40,1
[ctrl-2] RTT,1
[ctrl-3] ESTADO,ctrl-3,127.0.0.1,-40,1
[ctrl-1] RTT,1
[ctrl-spot] ESTADO,ctrl-spot,127.0.0.1,-40,1
[ctrl-spot] RTT,0
[ctrl-3] RTT,0
[esclava] ESTADO,esclava,127.0.0.1,-40,1
[ctrl-2] ENVIADO,CTRL,2,521,26050,-7,67,0
[ctrl-spot] ENVIADO,JOINTS,spot,522,26100,-13.1,-15.0,-11.6,0
[ctrl-3] ENVIADO,CTRL,3,522,26100,-6,68,0
[ctrl-pepper] ENVIADO,JOINTS,pepper,522,26100,11.3,75.6,29.9,0
[ctrl-nao] ENVIADO,JOINTS,nao,522,26100,47.6,51.7,-15.1,0
[ctrl-1] ENVIADO,CTRL,1,523,26154,-14,66,0
[ctrl-2] ENVIADO,CTRL,2,525,26250,-11,66,0
[ctrl-spot] ENVIADO,JOINTS,spot,526,26300,-15.2,-14.9,-10.7,0
[ctrl-3] ENVIADO,CTRL,3,526,26300,-6,66,0
[ctrl-nao] ENVIADO,JOINTS,nao,527,26350,37.8,44.9,-17.9,0
[ctrl-pepper] ENVIADO,JOINTS,pepper,527,26350,24.7,79.4,29.5,0
[ctrl-1] ENVIADO,CTRL,1,528,26403,-9,71,0
[ctrl-2] ENVIADO,CTRL,2,530,26500,-9,65,0
[ctrl-spot] ENVIADO,JOINTS,spot,530,26500,-16.7,-14.6,-9.7,0
[ctrl-3] ENVIADO,CTRL,3,531,26550,-14,67,0
[ctrl-nao] ENVIADO,JOINTS,nao,531,26551,28.4,39.3,-19.9,0
[ctrl-pepper] ENVIADO,JOINTS,pepper,532,26600,36.8,82.1,28.8,0
[ctrl-1] ENVIADO,CTRL,1,532,26603,-9,67,0
[ctrl-spot] ENVIADO,JOINTS,spot,534,26700,-17.7,-13.9,-8.7,0
[ctrl-2] ENVIADO,CTRL,2,534,26700,-13,67,0
[ctrl-3] ENVIADO,CTRL,3,535,26750,-11,67,0
[esclava] LEDS,OK,OK,OK,OK,OK,OK
[esclava] # [● placa/MQTT]  ● player-1  ● player-2  ● player-3  ● sim-spot  ● sim-pepper  ● sim-nao
[ctrl-nao] ENVIADO,JOINTS,nao,536,26800,15.3,32.6,-22.3,0
[ctrl-pepper] ENVIADO,JOINTS,pepper,536,26800,45.0,83.4,27.9,0
[ctrl-1] ENVIADO,CTRL,1,537,26857,-10,67,0
[ctrl-2] ENVIADO,CTRL,2,538,26900,-12,68,0
[ctrl-spot] ENVIADO,JOINTS,spot,539,26950,-18.0,-12.7,-7.3,0
[ctrl-3] ENVIADO,CTRL,3,539,26950,-7,69,0
[ctrl-pepper] ENVIADO,JOINTS,pepper,541,27050,53.0,84.0,26.6,0
[ctrl-nao] ENVIADO,JOINTS,nao,541,27050,1.3,26.1,-24.4,0
[ctrl-1] ENVIADO,CTRL,1,542,27103,-16,68,0
[ctrl-spot] ENVIADO,JOINTS,spot,543,27150,-17.5,-11.5,-6.1,0
[ctrl-2] ENVIADO,CTRL,2,543,27150,-6,67,0
[ctrl-3] ENVIADO,CTRL,3,544,27200,-6,69,0
[ctrl-pepper] ENVIADO,JOINTS,pepper,546,27300,58.1,83.4,24.9,0
[ctrl-nao] ENVIADO,JOINTS,nao,546,27300,-12.7,20.3,-26.1,0
[ctrl-1] ENVIADO,CTRL,1,547,27352,-15,63,0
[ctrl-2] ENVIADO,CTRL,2,547,27350,-5,65,0
[ctrl-spot] ENVIADO,JOINTS,spot,548,27400,-16.0,-9.7,-4.5,0
[ctrl-3] ENVIADO,CTRL,3,549,27450,-6,69,0
[ctrl-pepper] ENVIADO,JOINTS,pepper,550,27501,59.9,82.1,23.3,0
[ctrl-2] ENVIADO,CTRL,2,551,27550,-9,65,0
[ctrl-1] ENVIADO,CTRL,1,551,27552,-15,66,0
[ctrl-nao] ENVIADO,JOINTS,nao,551,27550,-26.1,15.1,-27.6,0
[ctrl-spot] ENVIADO,JOINTS,spot,553,27650,-13.7,-7.6,-2.9,0
[ctrl-3] ENVIADO,CTRL,3,554,27700,-8,65,0
[ctrl-nao] ENVIADO,JOINTS,nao,555,27751,-35.7,11.5,-28.5,0
[ctrl-pepper] ENVIADO,JOINTS,pepper,555,27751,59.1,79.4,21.1,0
[ctrl-1] ENVIADO,CTRL,1,555,27754,-21,63,0
[ctrl-2] ENVIADO,CTRL,2,556,27800,-8,65,0
[ctrl-spot] ENVIADO,JOINTS,spot,557,27850,-11.3,-5.7,-1.6,0
[ctrl-3] ENVIADO,CTRL,3,559,27950,-14,66,0
[ctrl-pepper] ENVIADO,JOINTS,pepper,559,27953,56.0,76.5,19.1,0
[ctrl-nao] ENVIADO,JOINTS,nao,559,27953,-44.2,8.6,-29.2,0
[ctrl-1] ENVIADO,CTRL,1,559,27956,-24,63,0
[ctrl-pepper] ESTADO,ctrl-pepper,127.0.0.1,-40,1
[ctrl-2] ESTADO,ctrl-2,127.0.0.1,-40,1
[ctrl-1] ESTADO,ctrl-1,127.0.0.1,-40,1
[ctrl-spot] ESTADO,ctrl-spot,127.0.0.1,-40,1
[ctrl-3] ESTADO,ctrl-3,127.0.0.1,-40,1
[ctrl-pepper] RTT,0
[ctrl-3] RTT,2
[ctrl-nao] ESTADO,ctrl-nao,127.0.0.1,-40,1
[ctrl-1] RTT,1
[ctrl-2] RTT,1
[ctrl-spot] RTT,1
[ctrl-nao] RTT,2
[esclava] ESTADO,esclava,127.0.0.1,-40,1
[ctrl-2] ENVIADO,CTRL,2,561,28050,-17,67,0
[ctrl-spot] ENVIADO,JOINTS,spot,562,28100,-7.7,-3.3,0.0,0
[ctrl-3] ENVIADO,CTRL,3,563,28150,-13,64,0
[ctrl-nao] ENVIADO,JOINTS,nao,564,28200,-52.4,6.0,-29.8,0
[ctrl-1] ENVIADO,CTRL,1,564,28203,-26,62,0
[ctrl-pepper] ENVIADO,JOINTS,pepper,564,28200,49.6,72.1,16.5,0
[ctrl-2] ENVIADO,CTRL,2,565,28250,-17,65,0
[ctrl-spot] ENVIADO,JOINTS,spot,567,28350,-3.7,-0.7,1.7,0
[ctrl-3] ENVIADO,CTRL,3,568,28400,-11,66,0
[ctrl-nao] ENVIADO,JOINTS,nao,568,28400,-56.9,4.6,-30.0,0
[ctrl-pepper] ENVIADO,JOINTS,pepper,568,28400,42.4,67.9,14.2,0
[ctrl-1] ENVIADO,CTRL,1,569,28453,-26,61,0
[ctrl-2] ENVIADO,CTRL,2,570,28500,-16,64,0
[ctrl-spot] ENVIADO,JOINTS,spot,571,28550,-0.3,1.4,3.0,0
[ctrl-pepper] ENVIADO,JOINTS,pepper,572,28600,33.7,63.2,11.8,0
[ctrl-nao] ENVIADO,JOINTS,nao,572,28600,-59.5,4.0,-29.9,0
[ctrl-3] ENVIADO,CTRL,3,572,28600,-7,66,0
[ctrl-1] ENVIADO,CTRL,1,574,28703,-29,61,0
[ctrl-2] ENVIADO,CTRL,2,575,28750,-21,64,0
[ctrl-spot] ENVIADO,JOINTS,spot,575,28750,3.1,3.4,4.2,0
[esclava] LEDS,OK,OK,OK,OK,OK,OK
[esclava] # [● placa/MQTT]  ● player-1  ● player-2  ● player-3  ● sim-spot  ● sim-pepper  ● sim-nao
[ctrl-pepper] ENVIADO,JOINTS,pepper,576,28802,23.7,58.1,9.4,0
[ctrl-nao] ENVIADO,JOINTS,nao,576,28802,-59.9,4.2,-29.7,0
[ctrl-3] ENVIADO,CTRL,3,577,28850,-12,67,0
[ctrl-1] ENVIADO,CTRL,1,579,28953,-25,61,0
[ctrl-spot] ENVIADO,JOINTS,spot,580,29000,7.1,5.9,5.8,0
[ctrl-2] ENVIADO,CTRL,2,580,29000,-25,61,0
[ctrl-nao] ENVIADO,JOINTS,nao,581,29050,-57.5,5.5,-29.0,0
[ctrl-pepper] ENVIADO,JOINTS,pepper,581,29050,10.3,51.6,6.2,0
[ctrl-3] ENVIADO,CTRL,3,581,29051,-17,66,0
[ctrl-2] ENVIADO,CTRL,2,584,29200,-18,61,0
[ctrl-1] ENVIADO,CTRL,1,584,29202,-25,63,0
[ctrl-spot] ENVIADO,JOINTS,spot,584,29200,10.1,7.7,7.0,0
[ctrl-pepper] ENVIADO,JOINTS,pepper,585,29251,-1.0,46.1,3.6,0
[ctrl-nao] ENVIADO,JOINTS,nao,585,29250,-53.2,7.4,-28.2,0
[ctrl-3] ENVIADO,CTRL,3,586,29301,-13,64,0
[ctrl-1] ENVIADO,CTRL,1,588,29402,-17,64,0
[ctrl-2] ENVIADO,CTRL,2,588,29400,-22,64,0
[ctrl-spot] ENVIADO,JOINTS,spot,589,29450,13.3,9.8,8.4,0
[ctrl-nao] ENVIADO,JOINTS,nao,589,29450,-47.1,9.9,-27.2,0
[ctrl-pepper] ENVIADO,JOINTS,pepper,590,29500,-15.0,39.2,0.3,0
[ctrl-3] ENVIADO,CTRL,3,591,29550,-15,65,0
[ctrl-1] ENVIADO,CTRL,1,592,29603,-11,68,0
[ctrl-2] ENVIADO,CTRL,2,593,29650,-27,59,0
[ctrl-spot] ENVIADO,JOINTS,spot,593,29650,15.3,11.3,9.5,0
[ctrl-nao] ENVIADO,JOINTS,nao,594,29700,-37.1,14.0,-25.7,0
[ctrl-pepper] ENVIADO,JOINTS,pepper,595,29750,-28.1,32.4,-3.0,0
[ctrl-3] ENVIADO,CTRL,3,595,29750,-22,63,0
[ctrl-1] ENVIADO,CTRL,1,597,29852,4,69,0
[ctrl-spot] ENVIADO,JOINTS,spot,597,29850,16.8,12.5,10.4,0
[ctrl-2] ENVIADO,CTRL,2,598,29900,-24,63,0
[ctrl-nao] ENVIADO,JOINTS,nao,599,29950,-25.1,19.0,-23.9,0
[ctrl-3] ENVIADO,CTRL,3,599,29950,-22,62,0
[ctrl-1] ESTADO,ctrl-1,127.0.0.1,-40,1
[ctrl-1] RTT,0
[ctrl-nao] ESTADO,ctrl-nao,127.0.0.1,-40,1
[ctrl-nao] RTT,0
[ctrl-pepper] ESTADO,ctrl-pepper,127.0.0.1,-40,1
[ctrl-pepper] ENVIADO,JOINTS,pepper,600,30000,-39.7,26.0,-6.2,0
[ctrl-pepper] RTT,0
[ctrl-3] ESTADO,ctrl-3,127.0.0.1,-40,1
[ctrl-3] RTT,0
[ctrl-spot] ESTADO,ctrl-spot,127.0.0.1,-40,1
[ctrl-spot] RTT,0
[ctrl-2] ESTADO,ctrl-2,127.0.0.1,-40,1
[ctrl-2] RTT,0
[esclava] ESTADO,esclava,127.0.0.1,-40,1
[ctrl-1] ENVIADO,CTRL,1,601,30053,12,64,0
[ctrl-spot] ENVIADO,JOINTS,spot,602,30100,17.9,13.8,11.6,0
[ctrl-2] ENVIADO,CTRL,2,602,30100,-21,64,0
[ctrl-nao] ENVIADO,JOINTS,nao,603,30150,-14.4,23.6,-22.2,0
[ctrl-3] ENVIADO,CTRL,3,603,30154,-23,61,0
[ctrl-pepper] ENVIADO,JOINTS,pepper,604,30200,-47.4,21.3,-8.8,0
[ctrl-1] ENVIADO,CTRL,1,605,30253,28,62,0
[ctrl-2] ENVIADO,CTRL,2,607,30350,-13,65,0
[ctrl-spot] ENVIADO,JOINTS,spot,607,30350,17.9,14.6,12.5,0
[ctrl-3] ENVIADO,CTRL,3,608,30400,-21,65,0
[ctrl-nao] ENVIADO,JOINTS,nao,608,30400,-0.4,29.8,-19.8,0
[ctrl-pepper] ENVIADO,JOINTS,pepper,608,30400,-53.5,16.9,-11.3,0
[ctrl-1] ENVIADO,CTRL,1,610,30503,29,61,0
[ctrl-spot] ENVIADO,JOINTS,spot,612,30600,16.9,15.0,13.4,0
[ctrl-2] ENVIADO,CTRL,2,612,30600,-5,71,0
[ctrl-nao] ENVIADO,JOINTS,nao,612,30600,10.9,35.1,-17.7,0
[ctrl-3] ENVIADO,CTRL,3,613,30650,-20,63,0
[ctrl-pepper] ENVIADO,JOINTS,pepper,613,30650,-58.3,12.3,-14.3,0
[ctrl-1] ENVIADO,CTRL,1,615,30753,37,59,0
[ctrl-2] ENVIADO,CTRL,2,616,30800,7,68,0
[ctrl-spot] ENVIADO,JOINTS,spot,616,30801,15.5,15.0,13.9,0
[esclava] LEDS,OK,OK,OK,OK,OK,OK
[esclava] # [● placa/MQTT]  ● player-1  ● player-2  ● player-3  ● sim-spot  ● sim-pepper  ● sim-nao
[ctrl-nao] ENVIADO,JOINTS,nao,617,30850,24.3,41.9,-15.0,0
[ctrl-pepper] ENVIADO,JOINTS,pepper,617,30850,-59.9,9.2,-16.5,0
[ctrl-3] ENVIADO,CTRL,3,617,30850,-23,62,0
[ctrl-1] ENVIADO,CTRL,1,619,30953,47,54,0
[ctrl-spot] ENVIADO,JOINTS,spot,621,31050,12.9,14.5,14.4,0
[ctrl-pepper] ENVIADO,JOINTS,pepper,621,31050,-59.4,6.8,-18.7,0
[ctrl-2] ENVIADO,CTRL,2,621,31050,18,64,0
[ctrl-nao] ENVIADO,JOINTS,nao,621,31050,34.2,47.4,-12.6,0
[ctrl-3] ENVIADO,CTRL,3,622,31100,-22,66,0
[ctrl-1] ENVIADO,CTRL,1,624,31203,56,54,0
[ctrl-spot] ENVIADO,JOINTS,spot,625,31250,10.4,13.9,14.7,0
[ctrl-nao] ENVIADO,JOINTS,nao,625,31250,42.8,52.9,-10.2,0
[ctrl-pepper] ENVIADO,JOINTS,pepper,626,31300,-55.8,4.8,-21.1,0
[ctrl-3] ENVIADO,CTRL,3,626,31301,-18,64,0
[ctrl-2] ENVIADO,CTRL,2,626,31300,28,61,0
[ctrl-1] ENVIADO,CTRL,1,629,31453,54,54,0
[ctrl-pepper] ENVIADO,JOINTS,pepper,630,31500,-50.6,4.1,-22.9,0
[ctrl-spot] ENVIADO,JOINTS,spot,630,31500,6.6,12.7,15.0,0
[ctrl-nao] ENVIADO,JOINTS,nao,630,31501,51.5,59.5,-7.0,0
[ctrl-3] ENVIADO,CTRL,3,631,31550,-4,69,0
[ctrl-2] ENVIADO,CTRL,2,631,31550,37,56,0
[ctrl-pepper] ENVIADO,JOINTS,pepper,634,31700,-43.7,4.1,-24.5,0
[ctrl-1] ENVIADO,CTRL,1,634,31707,49,55,0
[ctrl-spot] ENVIADO,JOINTS,spot,635,31750,2.6,11.2,15.0,0
[ctrl-nao] ENVIADO,JOINTS,nao,635,31750,57.2,65.6,-3.8,0
[ctrl-3] ENVIADO,CTRL,3,636,31800,16,66,0
[ctrl-2] ENVIADO,CTRL,2,636,31800,48,58,0
[ctrl-1] ENVIADO,CTRL,1,639,31952,39,60,0
[ctrl-spot] ENVIADO,JOINTS,spot,639,31950,-0.8,9.7,14.9,0
[ctrl-nao] ENVIADO,JOINTS,nao,639,31950,59.6,70.0,-1.2,0
[ctrl-pepper] ENVIADO,JOINTS,pepper,639,31950,-32.9,5.2,-26.3,0
[ctrl-1] ESTADO,ctrl-1,127.0.0.1,-40,1
[ctrl-1] RTT,0
[ctrl-spot] ESTADO,ctrl-spot,127.0.0.1,-40,1
[ctrl-spot] RTT,0
[ctrl-pepper] ESTADO,ctrl-pepper,127.0.0.1,-40,1
[ctrl-pepper] RTT,0
[ctrl-nao] ESTADO,ctrl-nao,127.0.0.1,-40,1
[ctrl-nao] RTT,0
[ctrl-3] ESTADO,ctrl-3,127.0.0.1,-40,1
[ctrl-3] ENVIADO,CTRL,3,640,32000,30,63,0
[ctrl-3] RTT,0
[ctrl-2] ESTADO,ctrl-2,127.0.0.1,-40,1
[ctrl-2] ENVIADO,CTRL,2,640,32001,55,53,0
[ctrl-2] RTT,0
[esclava] ESTADO,esclava,127.0.0.1,-40,1
[ctrl-1] ENVIADO,CTRL,1,643,32152,27,63,0
[ctrl-nao] ENVIADO,JOINTS,nao,643,32150,59.8,73.9,1.5,0
[ctrl-spot] ENVIADO,JOINTS,spot,643,32151,-4.2,8.0,14.7,0
[ctrl-pepper] ENVIADO,JOINTS,pepper,643,32151,-22.9,6.9,-27.5,0
[ctrl-2] ENVIADO,CTRL,2,645,32250,53,55,0
[ctrl-3] ENVIADO,CTRL,3,645,32251,39,56,0
[ctrl-pepper] ENVIADO,JOINTS,pepper,648,32400,-9.4,10.0,-28.6,0
[ctrl-1] ENVIADO,CTRL,1,648,32403,26,63,0
[ctrl-nao] ENVIADO,JOINTS,nao,648,32400,57.2,78.1,4.7,0
[ctrl-spot] ENVIADO,JOINTS,spot,648,32400,-8.2,5.7,14.2,0
[ctrl-2] ENVIADO,CTRL,2,649,32450,46,58,0
[ctrl-3] ENVIADO,CTRL,3,650,32502,34,60,0
[ctrl-pepper] ENVIADO,JOINTS,pepper,652,32600,1.9,13.2,-29.3,0
[ctrl-spot] ENVIADO,JOINTS,spot,652,32600,-11.0,3.7,13.8,0
[ctrl-1] ENVIADO,CTRL,1,653,32652,25,60,0
[ctrl-nao] ENVIADO,JOINTS,nao,653,32650,51.4,81.2,8.0,0
[ctrl-2] ENVIADO,CTRL,2,654,32700,35,55,0
[ctrl-3] ENVIADO,CTRL,3,655,32750,45,55,0
[esclava] LEDS,OK,OK,OK,OK,OK,OK
[esclava] # [● placa/MQTT]  ● player-1  ● player-2  ● player-3  ● sim-spot  ● sim-pepper  ● sim-nao
[ctrl-pepper] ENVIADO,JOINTS,pepper,657,32850,15.9,18.1,-29.8,0
[ctrl-nao] ENVIADO,JOINTS,nao,657,32850,44.6,82.8,10.5,0
[ctrl-spot] ENVIADO,JOINTS,spot,657,32850,-14.0,1.2,13.0,0
[ctrl-1] ENVIADO,CTRL,1,658,32903,24,58,0
[ctrl-2] ENVIADO,CTRL,2,658,32901,33,59,0
[ctrl-3] ENVIADO,CTRL,3,659,32950,49,56,0
[ctrl-pepper] ENVIADO,JOINTS,pepper,662,33100,28.9,23.7,-30.0,0
[ctrl-nao] ENVIADO,JOINTS,nao,662,33100,34.0,83.9,13.5,0
[ctrl-spot] ENVIADO,JOINTS,spot,662,33100,-16.3,-1.4,12.1,0
[ctrl-1] ENVIADO,CTRL,1,663,33152,21,63,0
[ctrl-2] ENVIADO,CTRL,2,663,33150,21,61,0
[ctrl-3] ENVIADO,CTRL,3,663,33151,58,54,0
[ctrl-pepper] ENVIADO,JOINTS,pepper,666,33300,38.3,28.6,-29.9,0
[ctrl-nao] ENVIADO,JOINTS,nao,667,33350,21.6,83.8,16.3,0
[ctrl-2] ENVIADO,CTRL,2,667,33350,27,63,0
[ctrl-3] ENVIADO,CTRL,3,667,33351,54,54,0
[ctrl-spot] ENVIADO,JOINTS,spot,667,33351,-17.6,-4.0,11.1,0
[ctrl-1] ENVIADO,CTRL,1,668,33403,18,65,0
[ctrl-pepper] ENVIADO,JOINTS,pepper,670,33500,46.2,33.9,-29.5,0
[ctrl-nao] ENVIADO,JOINTS,nao,671,33551,10.7,82.8,18.5,0
[ctrl-spot] ENVIADO,JOINTS,spot,672,33600,-18.0,-6.4,9.9,0
[ctrl-3] ENVIADO,CTRL,3,672,33600,41,59,0
[ctrl-2] ENVIADO,CTRL,2,672,33600,26,60,0
[ctrl-1] ENVIADO,CTRL,1,673,33652,15,65,0
[ctrl-pepper] ENVIADO,JOINTS,pepper,674,33700,52.6,39.3,-28.9,0
[ctrl-2] ENVIADO,CTRL,2,676,33800,27,62,0
[ctrl-spot] ENVIADO,JOINTS,spot,676,33801,-17.6,-8.2,8.9,0
[ctrl-nao] ENVIADO,JOINTS,nao,676,33800,-3.4,80.6,21.0,0
[ctrl-3] ENVIADO,CTRL,3,677,33850,25,60,0
[ctrl-1] ENVIADO,CTRL,1,677,33852,16,68,0
[ctrl-pepper] ENVIADO,JOINTS,pepper,679,33950,57.9,46.2,-27.9,0
[ctrl-1] ESTADO,ctrl-1,127.0.0.1,-40,1
[ctrl-2] ESTADO,ctrl-2,127.0.0.1,-40,1
[ctrl-1] RTT,1
[ctrl-2] ENVIADO,CTRL,2,680,34001,26,63,0
[ctrl-2] RTT,1
[ctrl-nao] ESTADO,ctrl-nao,127.0.0.1,-40,1
[ctrl-nao] ENVIADO,JOINTS,nao,680,34001,-14.6,78.0,22.8,0
[ctrl-nao] RTT,0
[ctrl-spot] ESTADO,ctrl-spot,127.0.0.1,-40,1
[ctrl-spot] ENVIADO,JOINTS,spot,680,34001,-16.5,-9.9,7.8,0
[ctrl-spot] RTT,0
[ctrl-pepper] ESTADO,ctrl-pepper,127.0.0.1,-40,1
[ctrl-pepper] RTT,0
[ctrl-3] ESTADO,ctrl-3,127.0.0.1,-40,1
[ctrl-3] RTT,1
[esclava] ESTADO,esclava,127.0.0.1,-40,1
[ctrl-1] ENVIADO,CTRL,1,681,34053,6,68,0
[ctrl-3] ENVIADO,CTRL,3,681,34050,25,63,0
[ctrl-2] ENVIADO,CTRL,2,684,34200,13,65,0
[ctrl-pepper] ENVIADO,JOINTS,pepper,684,34200,60.0,53.0,-26.5,0
[ctrl-spot] ENVIADO,JOINTS,spot,685,34250,-14.4,-11.6,6.3,0
[ctrl-nao] ENVIADO,JOINTS,nao,685,34251,-27.8,73.9,24.8,0
[ctrl-1] ENVIADO,CTRL,1,686,34302,-1,68,0
[ctrl-3] ENVIADO,CTRL,3,686,34300,26,63,0
[ctrl-pepper] ENVIADO,JOINTS,pepper,689,34450,58.7,59.6,-24.8,0
[ctrl-2] ENVIADO,CTRL,2,689,34450,17,64,0
[ctrl-1] ENVIADO,CTRL,1,690,34502,-1,70,0
[ctrl-nao] ENVIADO,JOINTS,nao,690,34500,-39.4,68.9,26.5,0
[ctrl-3] ENVIADO,CTRL,3,690,34500,29,62,0
[ctrl-spot] ENVIADO,JOINTS,spot,690,34500,-11.5,-13.1,4.8,0
[ctrl-2] ENVIADO,CTRL,2,693,34650,11,66,0
[ctrl-1] ENVIADO,CTRL,1,694,34702,-4,68,0
[ctrl-pepper] ENVIADO,JOINTS,pepper,694,34700,54.3,65.7,-22.8,0
[ctrl-nao] ENVIADO,JOINTS,nao,694,34700,-47.2,64.3,27.6,0
[ctrl-3] ENVIADO,CTRL,3,694,34701,22,63,0
[ctrl-spot] ENVIADO,JOINTS,spot,695,34751,-7.9,-14.2,3.2,0
[esclava] LEDS,OK,OK,OK,OK,OK,OK
[esclava] # [● placa/MQTT]  ● player-1  ● player-2  ● player-3  ● sim-spot  ● sim-pepper  ● sim-nao
[ctrl-1] ENVIADO,CTRL,1,698,34902,-17,65,0
[ctrl-3] ENVIADO,CTRL,3,698,34905,21,65,0
[ctrl-2] ENVIADO,CTRL,2,698,34905,4,66,0
[ctrl-pepper] ENVIADO,JOINTS,pepper,699,34951,46.8,71.2,-20.5,0
[ctrl-spot] ENVIADO,JOINTS,spot,699,34951,-4.8,-14.7,1.9,0
[ctrl-nao] ENVIADO,JOINTS,nao,699,34951,-54.5,58.1,28.7,0
[ctrl-2] ENVIADO,CTRL,2,703,35150,0,70,0
[ctrl-1] ENVIADO,CTRL,1,703,35153,-22,63,0
[ctrl-3] ENVIADO,CTRL,3,703,35151,16,65,0
[ctrl-spot] ENVIADO,JOINTS,spot,704,35200,-0.6,-15.0,0.3,0
[ctrl-pepper] ENVIADO,JOINTS,pepper,704,35200,36.7,75.8,-18.0,0
[ctrl-nao] ENVIADO,JOINTS,nao,704,35200,-58.9,51.5,29.5,0
[ctrl-2] ENVIADO,CTRL,2,707,35350,-5,69,0
[ctrl-3] ENVIADO,CTRL,3,708,35400,14,65,0
[ctrl-1] ENVIADO,CTRL,1,708,35402,-24,65,0
[ctrl-spot] ENVIADO,JOINTS,spot,709,35450,3.6,-14.8,-1.4,0
[ctrl-pepper] ENVIADO,JOINTS,pepper,709,35450,24.7,79.5,-15.3,0
[ctrl-nao] ENVIADO,JOINTS,nao,709,35450,-60.0,44.6,29.9,0
[ctrl-2] ENVIADO,CTRL,2,711,35551,-11,64,0
[ctrl-1] ENVIADO,CTRL,1,712,35602,-40,57,0
[ctrl-3] ENVIADO,CTRL,3,712,35600,9,67,0
[ctrl-nao] ENVIADO,JOINTS,nao,713,35650,-58.4,39.1,30.0,0
[ctrl-spot] ENVIADO,JOINTS,spot,713,35651,6.9,-14.4,-2.7,0
[ctrl-pepper] ENVIADO,JOINTS,pepper,713,35651,13.9,81.7,-13.0,0
[ctrl-3] ENVIADO,CTRL,3,716,35800,3,68,0
[ctrl-2] ENVIADO,CTRL,2,716,35800,-18,64,0
[ctrl-1] ENVIADO,CTRL,1,717,35853,-38,59,0
[ctrl-spot] ENVIADO,JOINTS,spot,718,35901,10.6,-13.4,-4.3,0
[ctrl-nao] ENVIADO,JOINTS,nao,718,35901,-53.6,32.3,29.8,0
[ctrl-pepper] ENVIADO,JOINTS,pepper,718,35902,-0.2,83.4,-9.9,0
[ctrl-1] ESTADO,ctrl-1,127.0.0.1,-40,1
[ctrl-1] RTT,1
[ctrl-nao] ESTADO,ctrl-nao,127.0.0.1,-40,1
[ctrl-nao] RTT,0
[ctrl-pepper] ESTADO,ctrl-pepper,127.0.0.1,-40,1
[ctrl-pepper] RTT,0
[ctrl-3] ESTADO,ctrl-3,127.0.0.1,-40,1
[ctrl-2] ESTADO,ctrl-2,127.0.0.1,-40,1
[ctrl-2] RTT,0
[esclava] ESTADO,esclava,127.0.0.1,-40,1
[ctrl-3] ENVIADO,CTRL,3,720,36001,-2,70,0
[ctrl-3] RTT,0
[ctrl-spot] ESTADO,ctrl-spot,127.0.0.1,-40,1
[ctrl-spot] RTT,0
[ctrl-1] ENVIADO,CTRL,1,722,36103,-42,58,0
[ctrl-nao] ENVIADO,JOINTS,nao,723,36150,-45.9,25.9,29.2,1
[ctrl-pepper] ENVIADO,JOINTS,pepper,723,36150,-14.0,84.0,-6.8,1
[ctrl-spot] ENVIADO,JOINTS,spot,723,36150,13.7,-12.1,-5.8,1
[ctrl-3] ENVIADO,CTRL,3,725,36250,-8,68,0
[ctrl-1] ENVIADO,CTRL,1,726,36302,-39,56,0
[ctrl-spot] ENVIADO,JOINTS,spot,727,36350,15.6,-10.8,-7.0,1
[ctrl-nao] ENVIADO,JOINTS,nao,727,36350,-37.8,21.2,28.4,1
[ctrl-pepper] ENVIADO,JOINTS,pepper,727,36350,-24.7,83.6,-4.2,1
[ctrl-3] ENVIADO,CTRL,3,730,36500,-13,66,0
[ctrl-1] ENVIADO,CTRL,1,730,36502,-55,53,0
[ctrl-spot] ENVIADO,JOINTS,spot,731,36550,17.0,-9.2,-8.2,0
[ctrl-nao] ENVIADO,JOINTS,nao,732,36600,-25.9,15.9,27.2,0
[ctrl-pepper] ENVIADO,JOINTS,pepper,732,36600,-36.8,82.0,-0.9,0
[ctrl-3] ENVIADO,CTRL,3,734,36700,-23,63,0
[ctrl-1] ENVIADO,CTRL,1,734,36702,-47,53,0
[ctrl-spot] ENVIADO,JOINTS,spot,735,36753,17.8,-7.5,-9.3,0
[ctrl-nao] ENVIADO,JOINTS,nao,736,36800,-15.3,12.2,26.0,0
[ctrl-pepper] ENVIADO,JOINTS,pepper,737,36850,-46.8,79.3,2.4,0
[esclava] LEDS,OK,OK,OK,OK,OK,OK
[esclava] # [● placa/MQTT]  ● player-1  ● player-2  ● player-3  ● sim-spot  ● sim-pepper  ● sim-nao
[ctrl-1] ENVIADO,CTRL,1,738,36903,-46,53,0
[ctrl-3] ENVIADO,CTRL,3,739,36950,-28,63,0
[ctrl-spot] ENVIADO,JOINTS,spot,740,37000,17.9,-5.2,-10.5,0
[ctrl-nao] ENVIADO,JOINTS,nao,741,37050,-1.3,8.5,24.2,0
[ctrl-pepper] ENVIADO,JOINTS,pepper,742,37100,-54.3,75.6,5.7,0
[ctrl-3] ENVIADO,CTRL,3,743,37151,-28,63,0
[ctrl-1] ENVIADO,CTRL,1,743,37153,-37,58,0
[ctrl-spot] ENVIADO,JOINTS,spot,745,37250,17.0,-2.7,-11.6,0
[ctrl-nao] ENVIADO,JOINTS,nao,746,37300,12.7,5.9,22.1,0
[ctrl-pepper] ENVIADO,JOINTS,pepper,747,37350,-58.8,70.9,8.9,0
[ctrl-1] ENVIADO,CTRL,1,748,37402,-27,61,0
[ctrl-3] ENVIADO,CTRL,3,748,37400,-36,56,0
[ctrl-spot] ENVIADO,JOINTS,spot,749,37450,15.6,-0.6,-12.4,0
[ctrl-nao] ENVIADO,JOINTS,nao,751,37550,26.0,4.4,19.7,0
[ctrl-pepper] ENVIADO,JOINTS,pepper,751,37550,-60.0,66.5,11.4,0
[ctrl-1] ENVIADO,CTRL,1,753,37652,-14,66,0
[ctrl-3] ENVIADO,CTRL,3,753,37650,-42,55,0
[ctrl-spot] ENVIADO,JOINTS,spot,754,37700,13.1,2.0,-13.2,0
[ctrl-nao] ENVIADO,JOINTS,nao,755,37750,35.7,4.0,17.7,0
[ctrl-pepper] ENVIADO,JOINTS,pepper,756,37800,-58.6,60.5,14.3,0
[ctrl-3] ENVIADO,CTRL,3,757,37850,-48,53,0
[ctrl-1] ENVIADO,CTRL,1,757,37852,-12,67,0
[ctrl-spot] ENVIADO,JOINTS,spot,758,37900,10.6,4.0,-13.8,0
[ctrl-1] ESTADO,ctrl-1,127.0.0.1,-40,1
[ctrl-pepper] ESTADO,ctrl-pepper,127.0.0.1,-40,1
[ctrl-3] ESTADO,ctrl-3,127.0.0.1,-40,1
[ctrl-spot] ESTADO,ctrl-spot,127.0.0.1,-40,1
[ctrl-nao] ESTADO,ctrl-nao,127.0.0.1,-40,1
[ctrl-nao] ENVIADO,JOINTS,nao,760,38000,46.0,4.6,14.9,0
[ctrl-pepper] ENVIADO,JOINTS,pepper,760,38000,-55.1,55.3,16.6,0
[ctrl-spot] RTT,0
[ctrl-3] RTT,0
[ctrl-1] RTT,1
[ctrl-pepper] RTT,0
[ctrl-nao] RTT,0
[ctrl-2] ESTADO,ctrl-2,127.0.0.1,-40,1
[ctrl-2] RTT,0
[esclava] ESTADO,esclava,127.0.0.1,-40,1
[ctrl-1] ENVIADO,CTRL,1,761,38052,-13,67,0
[ctrl-3] ENVIADO,CTRL,3,762,38100,-49,54,0
[ctrl-spot] ENVIADO,JOINTS,spot,763,38150,6.9,6.4,-14.4,0
[ctrl-pepper] ENVIADO,JOINTS,pepper,765,38250,-48.0,48.6,19.2,0
[ctrl-nao] ENVIADO,JOINTS,nao,765,38250,53.7,6.4,12.0,0
[ctrl-1] ENVIADO,CTRL,1,766,38302,-11,66,0
[ctrl-3] ENVIADO,CTRL,3,766,38300,-55,52,0
[ctrl-spot] ENVIADO,JOINTS,spot,767,38350,3.7,8.2,-14.7,0
[ctrl-nao] ENVIADO,JOINTS,nao,769,38450,57.8,8.7,9.5,0
[ctrl-pepper] ENVIADO,JOINTS,pepper,770,38500,-38.2,41.7,21.7,0
[ctrl-1] ENVIADO,CTRL,1,771,38552,-11,67,0
[ctrl-3] ENVIADO,CTRL,3,771,38550,-71,47,0
[ctrl-spot] ENVIADO,JOINTS,spot,772,38600,-0.5,10.3,-14.9,0
[ctrl-nao] ENVIADO,JOINTS,nao,774,38700,60.0,12.4,6.3,0
[ctrl-pepper] ENVIADO,JOINTS,pepper,774,38700,-28.9,36.2,23.4,0
[ctrl-1] ENVIADO,CTRL,1,775,38752,-17,69,0
[ctrl-3] ENVIADO,CTRL,3,775,38750,-67,52,0
[ctrl-spot] ENVIADO,JOINTS,spot,777,38850,-4.7,12.0,-15.0,0
[esclava] LEDS,OK,OK,OK,OK,OK,OK
[esclava] # [● placa/MQTT]  ● player-1  ● player-2  ● player-3  ● sim-spot  ● sim-pepper  ● sim-nao
[ctrl-nao] ENVIADO,JOINTS,nao,778,38900,59.3,16.1,3.7,0
[ctrl-1] ENVIADO,CTRL,1,779,38952,-15,67,0
[ctrl-pepper] ENVIADO,JOINTS,pepper,779,38950,-15.8,29.6,25.3,0
[ctrl-3] ENVIADO,CTRL,3,780,39000,-51,53,0
[ctrl-spot] ENVIADO,JOINTS,spot,781,39050,-7.9,13.1,-14.9,0
[ctrl-nao] ENVIADO,JOINTS,nao,783,39150,55.6,21.4,0.4,0
[ctrl-pepper] ENVIADO,JOINTS,pepper,784,39200,-1.9,23.4,26.9,0
[ctrl-1] ENVIADO,CTRL,1,784,39202,-16,66,0
[ctrl-3] ENVIADO,CTRL,3,785,39250,-32,61,0
[ctrl-spot] ENVIADO,JOINTS,spot,786,39300,-11.5,14.2,-14.7,0
[ctrl-nao] ENVIADO,JOINTS,nao,787,39350,50.4,26.2,-2.2,0
[ctrl-1] ENVIADO,CTRL,1,788,39402,-10,67,0
[ctrl-pepper] ENVIADO,JOINTS,pepper,788,39400,9.4,18.8,28.0,0
[ctrl-spot] ENVIADO,JOINTS,spot,790,39500,-13.9,14.7,-14.3,0
[ctrl-3] ENVIADO,CTRL,3,790,39500,-15,67,0
[ctrl-1] ENVIADO,CTRL,1,792,39602,-13,66,0
[ctrl-nao] ENVIADO,JOINTS,nao,792,39600,41.4,32.6,-5.5,0
[ctrl-pepper] ENVIADO,JOINTS,pepper,793,39650,23.0,13.9,29.0,0
[ctrl-3] ENVIADO,CTRL,3,794,39700,-14,64,0
[ctrl-spot] ENVIADO,JOINTS,spot,794,39701,-15.8,15.0,-13.9,0
[ctrl-2] ENVIADO,CTRL,2,720,39766,-49,55,0
[ctrl-nao] ENVIADO,JOINTS,nao,797,39850,30.1,39.4,-8.7,0
[ctrl-pepper] ENVIADO,JOINTS,pepper,797,39850,33.0,10.5,29.6,0
[ctrl-1] ENVIADO,CTRL,1,797,39852,-12,66,0
[ctrl-spot] ENVIADO,JOINTS,spot,799,39950,-17.4,14.9,-13.2,0
[ctrl-3] ENVIADO,CTRL,3,799,39950,-14,65,0
[ctrl-1] ESTADO,ctrl-1,127.0.0.1,-40,1
[ctrl-spot] ESTADO,ctrl-spot,127.0.0.1,-40,1
[ctrl-nao] ESTADO,ctrl-nao,127.0.0.1,-40,1
[ctrl-nao] RTT,0
[ctrl-pepper] ESTADO,ctrl-pepper,127.0.0.1,-40,1
[ctrl-pepper] RTT,0
[ctrl-3] ESTADO,ctrl-3,127.0.0.1,-40,1
[ctrl-1] RTT,1
[ctrl-spot] RTT,0
[ctrl-3] RTT,0
[ctrl-2] ESTADO,ctrl-2,127.0.0.1,-40,1
[ctrl-2] ENVIADO,CTRL,2,725,40016,-100,41,0
[ctrl-2] RTT,0
[esclava] ESTADO,esclava,127.0.0.1,-40,1
[ctrl-nao] ENVIADO,JOINTS,nao,801,40050,19.8,44.9,-11.2,0
[ctrl-1] ENVIADO,CTRL,1,801,40052,-16,67,0
[ctrl-pepper] ENVIADO,JOINTS,pepper,802,40100,43.8,7.3,29.9,0
[ctrl-spot] ENVIADO,JOINTS,spot,803,40150,-17.9,14.5,-12.5,0
[ctrl-3] ENVIADO,CTRL,3,804,40200,-11,67,0
[ctrl-2] ENVIADO,CTRL,2,729,40216,-100,41,0
[ctrl-1] ENVIADO,CTRL,1,805,40253,-17,62,0
[ctrl-nao] ENVIADO,JOINTS,nao,805,40250,8.8,50.4,-13.6,0
[ctrl-pepper] ENVIADO,JOINTS,pepper,807,40350,52.1,5.1,30.0,0
[ctrl-spot] ENVIADO,JOINTS,spot,808,40400,-17.8,13.7,-11.5,0
[ctrl-3] ENVIADO,CTRL,3,808,40400,-12,67,0
[ctrl-nao] ENVIADO,JOINTS,nao,809,40450,-2.4,55.8,-15.9,0
[ctrl-2] ENVIADO,CTRL,2,734,40466,-97,38,0
[ctrl-1] ENVIADO,CTRL,1,810,40502,-13,65,0
[ctrl-pepper] ENVIADO,JOINTS,pepper,811,40550,56.8,4.2,29.7,0
[ctrl-3] ENVIADO,CTRL,3,813,40650,-13,67,0
[ctrl-nao] ENVIADO,JOINTS,nao,813,40650,-13.6,60.9,-18.0,0
[ctrl-spot] ENVIADO,JOINTS,spot,813,40650,-16.6,12.4,-10.4,0
[ctrl-2] ENVIADO,CTRL,2,738,40666,-100,39,0
[ctrl-1] ENVIADO,CTRL,1,815,40752,-15,62,0
[ctrl-pepper] ENVIADO,JOINTS,pepper,816,40800,59.7,4.1,29.1,0
[ctrl-3] ENVIADO,CTRL,3,817,40850,-13,66,0
[esclava] LEDS,OK,OK,OK,OK,OK,OK
[esclava] # [● placa/MQTT]  ● player-1  ● player-2  ● player-3  ● sim-spot  ● sim-pepper  ● sim-nao
[ctrl-nao] ENVIADO,JOINTS,nao,818,40900,-26.9,66.9,-20.6,0
[ctrl-spot] ENVIADO,JOINTS,spot,818,40900,-14.6,10.7,-9.1,0
[ctrl-2] ENVIADO,CTRL,2,743,40916,-100,40,0
[ctrl-1] ENVIADO,CTRL,1,819,40952,-14,67,0
[ctrl-pepper] ENVIADO,JOINTS,pepper,820,41000,59.7,4.9,28.3,0
[ctrl-3] ENVIADO,CTRL,3,821,41050,-16,67,0
[ctrl-nao] ENVIADO,JOINTS,nao,822,41100,-36.4,71.2,-22.4,0
[ctrl-2] ENVIADO,CTRL,2,747,41116,-100,38,0
[ctrl-spot] ENVIADO,JOINTS,spot,823,41150,-11.7,8.8,-7.7,0
[ctrl-1] ENVIADO,CTRL,1,824,41202,-15,68,0
[ctrl-pepper] ENVIADO,JOINTS,pepper,825,41250,56.8,7.0,27.1,0
[ctrl-3] ENVIADO,CTRL,3,826,41300,-18,68,0
[ctrl-2] ENVIADO,CTRL,2,751,41317,-98,40,0
[ctrl-nao] ENVIADO,JOINTS,nao,827,41350,-46.6,75.8,-24.5,0
[ctrl-spot] ENVIADO,JOINTS,spot,828,41400,-8.2,6.6,-6.3,0
[ctrl-1] ENVIADO,CTRL,1,828,41402,-11,66,0
[ctrl-pepper] ENVIADO,JOINTS,pepper,830,41500,50.6,10.1,25.5,0
[ctrl-3] ENVIADO,CTRL,3,830,41500,-18,63,0
[ctrl-2] ENVIADO,CTRL,2,755,41519,-78,45,0
[ctrl-nao] ENVIADO,JOINTS,nao,832,41600,-54.1,79.5,-26.2,0
[ctrl-1] ENVIADO,CTRL,1,832,41602,-9,67,0
[ctrl-spot] ENVIADO,JOINTS,spot,833,41650,-4.2,4.1,-4.8,0
[ctrl-3] ENVIADO,CTRL,3,835,41750,-14,66,0
[ctrl-pepper] ENVIADO,JOINTS,pepper,835,41750,41.7,14.3,23.6,0
[ctrl-2] ENVIADO,CTRL,2,760,41766,-24,62,0
[ctrl-nao] ENVIADO,JOINTS,nao,837,41850,-58.7,82.2,-27.7,0
[ctrl-1] ENVIADO,CTRL,1,837,41852,-8,68,0
[ctrl-spot] ENVIADO,JOINTS,spot,837,41850,-0.9,2.1,-3.5,0
[ctrl-3] ENVIADO,CTRL,3,839,41950,-13,63,0
[ctrl-1] ESTADO,ctrl-1,127.0.0.1,-40,1
[ctrl-spot] ESTADO,ctrl-spot,127.0.0.1,-40,1
[ctrl-nao] ESTADO,ctrl-nao,127.0.0.1,-40,1
[ctrl-pepper] ESTADO,ctrl-pepper,127.0.0.1,-40,1
[ctrl-pepper] ENVIADO,JOINTS,pepper,840,42000,30.5,19.3,21.4,0
[ctrl-spot] RTT,0
[ctrl-nao] RTT,0
[ctrl-pepper] RTT,0
[ctrl-3] ESTADO,ctrl-3,127.0.0.1,-40,1
[ctrl-3] RTT,0
[ctrl-1] RTT,1
[ctrl-2] ESTADO,ctrl-2,127.0.0.1,-40,1
[ctrl-2] ENVIADO,CTRL,2,765,42016,18,65,0
[ctrl-2] RTT,1
[esclava] ESTADO,esclava,127.0.0.1,-40,1
[ctrl-nao] ENVIADO,JOINTS,nao,841,42050,-60.0,83.4,-28.6,0
[ctrl-1] ENVIADO,CTRL,1,841,42052,-2,67,0
[ctrl-spot] ENVIADO,JOINTS,spot,842,42100,3.4,-0.5,-1.9,0
[ctrl-3] ENVIADO,CTRL,3,843,42151,-12,65,0
[ctrl-pepper] ENVIADO,JOINTS,pepper,845,42250,17.6,25.1,19.0,0
[ctrl-nao] ENVIADO,JOINTS,nao,845,42250,-59.2,84.0,-29.3,0
[ctrl-1] ENVIADO,CTRL,1,845,42252,-5,69,0
[ctrl-2] ENVIADO,CTRL,2,770,42266,26,64,0
[ctrl-spot] ENVIADO,JOINTS,spot,847,42350,7.4,-3.0,-0.2,0
[ctrl-3] ENVIADO,CTRL,3,848,42400,-17,65,0
[ctrl-nao] ENVIADO,JOINTS,nao,849,42450,-56.3,83.8,-29.7,0
[ctrl-pepper] ENVIADO,JOINTS,pepper,849,42450,6.5,30.2,16.9,0
[ctrl-2] ENVIADO,CTRL,2,774,42466,15,68,0
[ctrl-1] ENVIADO,CTRL,1,850,42502,-4,66,0
[ctrl-spot] ENVIADO,JOINTS,spot,852,42600,11.0,-5.5,1.4,0
[ctrl-3] ENVIADO,CTRL,3,853,42650,-11,66,0
[ctrl-nao] ENVIADO,JOINTS,nao,853,42650,-51.4,82.8,-30.0,0
[ctrl-1] ENVIADO,CTRL,1,854,42702,-7,65,0
[ctrl-pepper] ENVIADO,JOINTS,pepper,854,42700,-7.6,36.8,14.1,0
[ctrl-2] ENVIADO,CTRL,2,779,42716,-11,68,0
[ctrl-spot] ENVIADO,JOINTS,spot,857,42850,14.0,-7.8,3.0,0
[ctrl-3] ENVIADO,CTRL,3,857,42850,-14,64,0
[esclava] LEDS,OK,OK,OK,OK,OK,OK
[esclava] # [● placa/MQTT]  ● player-1  ● player-2  ● player-3  ● sim-spot  ● sim-pepper  ● sim-nao
[ctrl-nao] ENVIADO,JOINTS,nao,858,42900,-42.7,80.5,-29.9,0
[ctrl-pepper] ENVIADO,JOINTS,pepper,859,42950,-21.2,43.7,11.1,0
[ctrl-1] ENVIADO,CTRL,1,859,42952,-8,68,0
[ctrl-2] ENVIADO,CTRL,2,784,42966,-21,63,0
[ctrl-spot] ENVIADO,JOINTS,spot,861,43050,15.9,-9.5,4.3,0
[ctrl-3] ENVIADO,CTRL,3,862,43100,-12,66,0
[ctrl-nao] ENVIADO,JOINTS,nao,862,43100,-34.0,77.9,-29.7,0
[ctrl-2] ENVIADO,CTRL,2,788,43166,-24,64,0
[ctrl-pepper] ENVIADO,JOINTS,pepper,864,43200,-33.7,50.6,7.9,0
[ctrl-1] ENVIADO,CTRL,1,864,43202,-10,68,0
[ctrl-spot] ENVIADO,JOINTS,spot,865,43250,17.2,-11.0,5.6,0
[ctrl-nao] ENVIADO,JOINTS,nao,867,43350,-21.6,73.7,-29.0,0
[ctrl-3] ENVIADO,CTRL,3,867,43350,-12,66,0
[ctrl-2] ENVIADO,CTRL,2,792,43368,-16,65,0
[ctrl-1] ENVIADO,CTRL,1,868,43402,-6,71,0
[ctrl-pepper] ENVIADO,JOINTS,pepper,868,43400,-42.4,55.9,5.4,0
[ctrl-spot] ENVIADO,JOINTS,spot,870,43500,18.0,-12.6,7.1,0
[ctrl-nao] ENVIADO,JOINTS,nao,871,43550,-10.7,69.8,-28.2,0
[ctrl-3] ENVIADO,CTRL,3,871,43551,-10,66,0
[ctrl-2] ENVIADO,CTRL,2,796,43568,-9,68,0
[ctrl-pepper] ENVIADO,JOINTS,pepper,872,43600,-49.6,61.1,2.8,0
[ctrl-1] ENVIADO,CTRL,1,872,43602,-1,67,0
[ctrl-spot] ENVIADO,JOINTS,spot,874,43700,17.9,-13.6,8.2,0
[ctrl-nao] ENVIADO,JOINTS,nao,875,43750,0.5,65.3,-27.2,0
[ctrl-2] ENVIADO,CTRL,2,800,43769,-5,66,0
[ctrl-1] ENVIADO,CTRL,1,876,43803,-3,70,0
[ctrl-pepper] ENVIADO,JOINTS,pepper,876,43800,-55.1,65.9,0.1,0
[ctrl-3] ENVIADO,CTRL,3,876,43801,-12,67,0
[ctrl-spot] ENVIADO,JOINTS,spot,879,43950,16.8,-14.5,9.5,0
[ctrl-1] ESTADO,ctrl-1,127.0.0.1,-40,1
[ctrl-nao] ESTADO,ctrl-nao,127.0.0.1,-40,1
[ctrl-nao] ENVIADO,JOINTS,nao,880,44000,14.5,59.2,-25.6,0
[ctrl-nao] RTT,0
[ctrl-spot] ESTADO,ctrl-spot,127.0.0.1,-40,1
[ctrl-spot] RTT,0
[ctrl-3] ESTADO,ctrl-3,127.0.0.1,-40,1
[ctrl-3] RTT,0
[ctrl-1] RTT,1
[ctrl-pepper] ESTADO,ctrl-pepper,127.0.0.1,-40,1
[ctrl-pepper] RTT,0
[ctrl-2] ESTADO,ctrl-2,127.0.0.1,-40,1
[ctrl-2] ENVIADO,CTRL,2,805,44016,-14,66,0
[ctrl-2] RTT,1
[esclava] ESTADO,esclava,127.0.0.1,-40,1
[ctrl-pepper] ENVIADO,JOINTS,pepper,881,44050,-59.1,71.3,-3.2,0
[ctrl-3] ENVIADO,CTRL,3,881,44050,-8,68,0
[ctrl-1] ENVIADO,CTRL,1,881,44052,-4,69,0
[ctrl-spot] ENVIADO,JOINTS,spot,883,44150,15.4,-14.9,10.5,0
[ctrl-nao] ENVIADO,JOINTS,nao,884,44201,25.2,53.9,-24.1,0
[ctrl-pepper] ENVIADO,JOINTS,pepper,885,44250,-60.0,75.1,-5.8,0
[ctrl-3] ENVIADO,CTRL,3,885,44251,-9,66,0
[ctrl-1] ENVIADO,CTRL,1,885,44254,-6,70,0
[ctrl-2] ENVIADO,CTRL,2,810,44267,-16,64,0
[ctrl-spot] ENVIADO,JOINTS,spot,887,44354,13.3,-15.0,11.4,0
[ctrl-nao] ENVIADO,JOINTS,nao,888,44402,35.1,48.4,-22.5,0
[ctrl-2] ENVIADO,CTRL,2,814,44473,-12,67,0
[ctrl-1] ENVIADO,CTRL,1,890,44502,-3,69,0
[ctrl-pepper] ENVIADO,JOINTS,pepper,890,44501,-58.1,79.0,-9.0,0
[ctrl-3] ENVIADO,CTRL,3,890,44502,-8,68,0
[ctrl-spot] ENVIADO,JOINTS,spot,892,44600,10.1,-14.7,12.4,0
[ctrl-nao] ENVIADO,JOINTS,nao,893,44650,45.4,41.6,-20.2,0
[ctrl-pepper] ENVIADO,JOINTS,pepper,894,44701,-54.3,81.3,-11.5,0
[ctrl-3] ENVIADO,CTRL,3,894,44702,-7,66,0
[ctrl-2] ENVIADO,CTRL,2,819,44717,-14,66,0
[ctrl-1] ENVIADO,CTRL,1,895,44754,5,68,0
[ctrl-spot] ENVIADO,JOINTS,spot,897,44850,6.4,-14.0,13.3,0
[ctrl-nao] ENVIADO,JOINTS,nao,898,44900,53.3,34.8,-17.6,0
[esclava] LEDS,OK,OK,OK,OK,OK,OK
[esclava] # [● placa/MQTT]  ● player-1  ● player-2  ● player-3  ● sim-spot  ● sim-pepper  ● sim-nao
[ctrl-3] ENVIADO,CTRL,3,899,44950,-11,67,0
[ctrl-pepper] ENVIADO,JOINTS,pepper,899,44950,-46.8,83.2,-14.4,0
[ctrl-2] ENVIADO,CTRL,2,824,44966,-15,66,0
[ctrl-1] ENVIADO,CTRL,1,900,45004,1,69,0
[ctrl-spot] ENVIADO,JOINTS,spot,902,45100,2.3,-12.9,13.9,0
[ctrl-nao] ENVIADO,JOINTS,nao,902,45100,57.5,29.5,-15.4,0
[ctrl-pepper] ENVIADO,JOINTS,pepper,903,45150,-38.9,83.9,-16.7,0
[ctrl-2] ENVIADO,CTRL,2,828,45169,-16,68,0
[ctrl-3] ENVIADO,CTRL,3,904,45200,0,70,0
[ctrl-1] ENVIADO,CTRL,1,905,45252,-2,70,0
[ctrl-spot] ENVIADO,JOINTS,spot,906,45300,-1.1,-11.7,14.4,0
[ctrl-nao] ENVIADO,JOINTS,nao,906,45301,59.7,24.5,-13.1,0
[ctrl-pepper] ENVIADO,JOINTS,pepper,908,45400,-27.2,83.7,-19.3,0
[ctrl-3] ENVIADO,CTRL,3,908,45401,0,68,0
[ctrl-2] ENVIADO,CTRL,2,833,45418,-13,68,0
[ctrl-1] ENVIADO,CTRL,1,909,45453,-3,71,0
[ctrl-spot] ENVIADO,JOINTS,spot,910,45502,-4.5,-10.3,14.7,0
[ctrl-nao] ENVIADO,JOINTS,nao,910,45503,59.8,19.8,-10.6,0
[ctrl-pepper] ENVIADO,JOINTS,pepper,913,45650,-14.0,82.4,-21.7,0
[ctrl-1] ENVIADO,CTRL,1,913,45653,-3,69,0
[ctrl-3] ENVIADO,CTRL,3,913,45651,-7,70,0
[ctrl-2] ENVIADO,CTRL,2,838,45666,-13,67,0
[ctrl-spot] ENVIADO,JOINTS,spot,914,45703,-7.7,-8.7,14.9,0
[ctrl-nao] ENVIADO,JOINTS,nao,914,45706,57.6,15.6,-8.1,0
[ctrl-pepper] ENVIADO,JOINTS,pepper,917,45850,-2.8,80.4,-23.5,0
[ctrl-2] ENVIADO,CTRL,2,842,45866,-13,66,0
[ctrl-3] ENVIADO,CTRL,3,918,45900,-4,71,0
[ctrl-1] ENVIADO,CTRL,1,918,45902,-3,70,0
[ctrl-spot] ENVIADO,JOINTS,spot,919,45952,-11.3,-6.5,15.0,0
[ctrl-nao] ENVIADO,JOINTS,nao,919,45952,52.3,11.2,-4.9,0
[ctrl-1] ESTADO,ctrl-1,127.0.0.1,-40,1
[ctrl-nao] ESTADO,ctrl-nao,127.0.0.1,-40,1
[ctrl-1] RTT,1
[ctrl-3] ESTADO,ctrl-3,127.0.0.1,-40,1
[ctrl-spot] ESTADO,ctrl-spot,127.0.0.1,-40,1
[ctrl-spot] RTT,3
[ctrl-nao] RTT,5
[esclava] ESTADO,esclava,127.0.0.1,-40,1
[ctrl-3] RTT,5
[ctrl-pepper] ESTADO,ctrl-pepper,127.0.0.1,-40,1
[ctrl-pepper] RTT,1
[ctrl-2] ESTADO,ctrl-2,127.0.0.1,-40,1
[ctrl-2] RTT,1
[ctrl-pepper] ENVIADO,JOINTS,pepper,922,46100,11.3,77.1,-25.4,0
[ctrl-1] ENVIADO,CTRL,1,922,46102,-1,68,0
[ctrl-3] ENVIADO,CTRL,3,922,46103,-4,67,0
[ctrl-2] ENVIADO,CTRL,2,847,46116,-10,66,0
[ctrl-nao] ENVIADO,JOINTS,nao,924,46200,44.0,7.8,-1.7,0
[ctrl-spot] ENVIADO,JOINTS,spot,924,46201,-14.2,-4.1,14.9,0
[ctrl-1] ENVIADO,CTRL,1,926,46303,5,68,0
[ctrl-pepper] ENVIADO,JOINTS,pepper,926,46300,22.1,73.6,-26.7,0
[ctrl-2] ENVIADO,CTRL,2,851,46316,-11,66,0
[ctrl-3] ENVIADO,CTRL,3,927,46351,-2,69,0
[ctrl-nao] ENVIADO,JOINTS,nao,928,46409,35.2,5.7,1.1,0
[ctrl-spot] ENVIADO,JOINTS,spot,928,46409,-16.1,-2.0,14.7,0
[ctrl-1] ENVIADO,CTRL,1,930,46503,0,67,0
[ctrl-2] ENVIADO,CTRL,2,855,46518,-13,65,0
[ctrl-3] ENVIADO,CTRL,3,931,46553,2,68,0
[ctrl-pepper] ENVIADO,JOINTS,pepper,931,46553,34.7,68.5,-28.0,0
[ctrl-nao] ENVIADO,JOINTS,nao,933,46650,23.3,4.3,4.3,0
[ctrl-spot] ENVIADO,JOINTS,spot,933,46650,-17.5,0.5,14.3,0
[ctrl-1] ENVIADO,CTRL,1,934,46703,-2,69,0
[ctrl-2] ENVIADO,CTRL,2,860,46767,-7,67,0
[ctrl-3] ENVIADO,CTRL,3,936,46800,-3,73,0
[ctrl-pepper] ENVIADO,JOINTS,pepper,936,46801,45.1,62.8,-29.0,0
[ctrl-nao] ENVIADO,JOINTS,nao,937,46850,12.6,4.0,6.9,0
[ctrl-spot] ENVIADO,JOINTS,spot,938,46904,-18.0,3.1,13.7,0
[esclava] LEDS,OK,OK,OK,OK,OK,OK
[esclava] # [● placa/MQTT]  ● player-1  ● player-2  ● player-3  ● sim-spot  ● sim-pepper  ● sim-nao
[ctrl-1] ENVIADO,CTRL,1,939,46952,0,71,0
[ctrl-2] ENVIADO,CTRL,2,864,46970,-10,67,0
[ctrl-pepper] ENVIADO,JOINTS,pepper,940,47002,51.7,57.7,-29.6,0
[ctrl-3] ENVIADO,CTRL,3,940,47001,0,68,0
[ctrl-nao] ENVIADO,JOINTS,nao,941,47050,1.3,4.4,9.4,0
[ctrl-spot] ENVIADO,JOINTS,spot,943,47150,-17.5,5.6,13.0,0
[ctrl-1] ENVIADO,CTRL,1,944,47203,1,71,0
[ctrl-2] ENVIADO,CTRL,2,869,47220,-6,70,0
[ctrl-3] ENVIADO,CTRL,3,945,47250,1,69,0
[ctrl-pepper] ENVIADO,JOINTS,pepper,945,47254,57.4,50.9,-30.0,0
[ctrl-nao] ENVIADO,JOINTS,nao,945,47256,-10.2,5.7,11.9,0
[ctrl-spot] ENVIADO,JOINTS,spot,947,47350,-16.4,7.4,12.3,0
[ctrl-2] ENVIADO,CTRL,2,873,47417,-6,68,0
[ctrl-3] ENVIADO,CTRL,3,949,47450,-3,70,0
[ctrl-1] ENVIADO,CTRL,1,949,47452,1,68,0
[ctrl-nao] ENVIADO,JOINTS,nao,950,47500,-23.5,8.1,14.8,0
[ctrl-pepper] ENVIADO,JOINTS,pepper,950,47500,59.9,44.2,-30.0,0
[ctrl-spot] ENVIADO,JOINTS,spot,951,47551,-14.7,9.2,11.5,0
[ctrl-3] ENVIADO,CTRL,3,953,47652,-4,68,0
[ctrl-2] ENVIADO,CTRL,2,878,47666,-8,70,0
[ctrl-1] ENVIADO,CTRL,1,954,47703,-1,70,0
[ctrl-pepper] ENVIADO,JOINTS,pepper,954,47700,59.5,38.7,-29.7,0
[ctrl-nao] ENVIADO,JOINTS,nao,955,47750,-35.7,11.7,17.6,0
[ctrl-spot] ENVIADO,JOINTS,spot,956,47801,-11.9,11.1,10.3,0
[ctrl-2] ENVIADO,CTRL,2,882,47870,-5,70,0
[ctrl-3] ENVIADO,CTRL,3,958,47901,0,68,0
[ctrl-1] ENVIADO,CTRL,1,959,47952,-1,70,0
[ctrl-pepper] ENVIADO,JOINTS,pepper,959,47951,56.1,31.9,-29.1,0
[ctrl-nao] ESTADO,ctrl-nao,127.0.0.1,-40,1
[ctrl-nao] ENVIADO,JOINTS,nao,960,48000,-46.0,16.3,20.1,1
[ctrl-nao] RTT,0
[ctrl-spot] ESTADO,ctrl-spot,127.0.0.1,-40,1
[ctrl-3] ESTADO,ctrl-3,127.0.0.1,-40,1
[ctrl-spot] RTT,1
[ctrl-3] RTT,0
[ctrl-pepper] ESTADO,ctrl-pepper,127.0.0.1,-40,1
[ctrl-pepper] RTT,0
[ctrl-1] ESTADO,ctrl-1,127.0.0.1,-40,1
[ctrl-1] RTT,1
[ctrl-2] ESTADO,ctrl-2,127.0.0.1,-40,1
[ctrl-2] RTT,0
[esclava] ESTADO,esclava,127.0.0.1,-40,1
[ctrl-spot] ENVIADO,JOINTS,spot,961,48052,-8.4,12.6,9.1,1
[ctrl-2] ENVIADO,CTRL,2,887,48117,-3,69,0
[ctrl-1] ENVIADO,CTRL,1,963,48153,-4,70,0
[ctrl-3] ENVIADO,CTRL,3,963,48150,-1,71,0
[ctrl-nao] ENVIADO,JOINTS,nao,964,48200,-52.4,20.5,22.0,1
[ctrl-pepper] ENVIADO,JOINTS,pepper,964,48201,49.6,25.5,-28.1,1
[ctrl-spot] ENVIADO,JOINTS,spot,966,48301,-4.5,13.8,7.7,1
[ctrl-2] ENVIADO,CTRL,2,892,48368,-5,69,0
[ctrl-1] ENVIADO,CTRL,1,968,48402,1,72,0
[ctrl-3] ENVIADO,CTRL,3,968,48400,3,69,0
[ctrl-nao] ENVIADO,JOINTS,nao,969,48450,-57.8,26.4,24.1,1
[ctrl-pepper] ENVIADO,JOINTS,pepper,969,48450,40.3,19.7,-26.7,1
[ctrl-spot] ENVIADO,JOINTS,spot,971,48550,-0.3,14.6,6.2,0
[ctrl-2] ENVIADO,CTRL,2,897,48617,1,68,0
[ctrl-1] ENVIADO,CTRL,1,973,48652,-2,70,0
[ctrl-nao] ENVIADO,JOINTS,nao,973,48650,-59.8,31.5,25.6,0
[ctrl-3] ENVIADO,CTRL,3,973,48650,0,72,0
[ctrl-pepper] ENVIADO,JOINTS,pepper,974,48700,28.9,14.6,-25.1,0
[ctrl-spot] ENVIADO,JOINTS,spot,976,48800,3.9,15.0,4.7,0
[ctrl-1] ENVIADO,CTRL,1,977,48852,-2,69,0
[ctrl-3] ENVIADO,CTRL,3,977,48850,1,69,0
[ctrl-2] ENVIADO,CTRL,2,902,48869,-7,68,0
[ctrl-pepper] ENVIADO,JOINTS,pepper,978,48901,18.5,11.2,-23.5,0
[ctrl-nao] ENVIADO,JOINTS,nao,978,48901,-59.3,38.3,27.2,0
[esclava] LEDS,OK,OK,OK,OK,OK,OK
[esclava] # [● placa/MQTT]  ● player-1  ● player-2  ● player-3  ● sim-spot  ● sim-pepper  ● sim-nao
[ctrl-spot] ENVIADO,JOINTS,spot,980,49000,7.1,14.9,3.4,0
[ctrl-1] ENVIADO,CTRL,1,982,49102,-3,71,0
[ctrl-3] ENVIADO,CTRL,3,982,49101,2,67,0
[ctrl-nao] ENVIADO,JOINTS,nao,982,49102,-56.6,43.8,28.2,0
[ctrl-2] ENVIADO,CTRL,2,907,49116,-7,67,0
[ctrl-pepper] ENVIADO,JOINTS,pepper,983,49151,4.6,7.7,-21.3,0
[ctrl-spot] ENVIADO,JOINTS,spot,985,49250,10.8,14.5,1.8,0
[ctrl-1] ENVIADO,CTRL,1,986,49303,0,70,0
[ctrl-2] ENVIADO,CTRL,2,911,49316,-3,67,0
[ctrl-nao] ENVIADO,JOINTS,nao,987,49350,-50.4,50.6,29.1,0
[ctrl-3] ENVIADO,CTRL,3,987,49353,-1,68,0
[ctrl-pepper] ENVIADO,JOINTS,pepper,988,49400,-9.4,5.4,-18.9,0
[ctrl-spot] ENVIADO,JOINTS,spot,989,49450,13.3,13.8,0.5,0
[ctrl-1] ENVIADO,CTRL,1,990,49503,3,69,0
[ctrl-2] ENVIADO,CTRL,2,915,49516,-3,69,0
[ctrl-pepper] ENVIADO,JOINTS,pepper,992,49600,-20.4,4.3,-16.8,0
[ctrl-nao] ENVIADO,JOINTS,nao,992,49600,-41.4,57.3,29.7,0
[ctrl-3] ENVIADO,CTRL,3,992,49600,-2,72,0
[ctrl-spot] ENVIADO,JOINTS,spot,994,49700,15.8,12.6,-1.1,0
[ctrl-1] ENVIADO,CTRL,1,995,49752,-1,70,0
[ctrl-2] ENVIADO,CTRL,2,920,49766,0,69,0
[ctrl-nao] ENVIADO,JOINTS,nao,996,49800,-32.5,62.4,30.0,0
[ctrl-pepper] ENVIADO,JOINTS,pepper,996,49800,-30.6,4.0,-14.6,0
[ctrl-3] ENVIADO,CTRL,3,996,49801,4,70,0
[ctrl-spot] ENVIADO,JOINTS,spot,998,49901,17.1,11.4,-2.5,0
[ctrl-2] ENVIADO,CTRL,2,924,49967,1,69,0
[ctrl-1] ESTADO,ctrl-1,127.0.0.1,-40,1
[ctrl-1] ENVIADO,CTRL,1,1000,50003,-1,70,0
[ctrl-1] RTT,1
[ctrl-3] ESTADO,ctrl-3,127.0.0.1,-40,1
[ctrl-3] ENVIADO,CTRL,3,1000,50005,-1,67,0
[ctrl-3] RTT,4
[ctrl-spot] ESTADO,ctrl-spot,127.0.0.1,-40,1
[ctrl-nao] ESTADO,ctrl-nao,127.0.0.1,-40,1
[ctrl-spot] RTT,0
[ctrl-pepper] ESTADO,ctrl-pepper,127.0.0.1,-40,1
[ctrl-pepper] ENVIADO,JOINTS,pepper,1000,50005,-39.9,4.5,-12.1,0
[ctrl-nao] ENVIADO,JOINTS,nao,1000,50005,-22.4,67.1,30.0,0
[ctrl-nao] RTT,4
[ctrl-pepper] RTT,1
[ctrl-2] ESTADO,ctrl-2,127.0.0.1,-40,1
[ctrl-2] RTT,0
[esclava] ESTADO,esclava,127.0.0.1,-40,1
[ctrl-spot] ENVIADO,JOINTS,spot,1003,50150,17.9,9.5,-4.1,0
[ctrl-1] ENVIADO,CTRL,1,1004,50203,0,70,0
[ctrl-2] ENVIADO,CTRL,2,929,50216,-1,71,0
[ctrl-pepper] ENVIADO,JOINTS,pepper,1005,50250,-49.1,6.1,-9.1,0
[ctrl-3] ENVIADO,CTRL,3,1005,50250,-2,65,0
[ctrl-nao] ENVIADO,JOINTS,nao,1005,50250,-8.8,72.4,29.6,0
[ctrl-spot] ENVIADO,JOINTS,spot,1007,50350,17.9,7.8,-5.3,0
[ctrl-2] ENVIADO,CTRL,2,933,50416,-1,69,0
[ctrl-pepper] ENVIADO,JOINTS,pepper,1009,50450,-54.7,8.2,-6.6,0
[ctrl-1] ENVIADO,CTRL,1,1009,50452,0,69,0
[ctrl-3] ENVIADO,CTRL,3,1009,50450,2,70,0
[ctrl-nao] ENVIADO,JOINTS,nao,1010,50500,5.3,76.8,28.9,0
[ctrl-spot] ENVIADO,JOINTS,spot,1011,50550,17.2,6.0,-6.5,0
[ctrl-2] ENVIADO,CTRL,2,937,50616,1,69,0
[ctrl-pepper] ENVIADO,JOINTS,pepper,1014,50700,-58.9,11.8,-3.3,0
[ctrl-3] ENVIADO,CTRL,3,1014,50700,0,70,0
[ctrl-1] ENVIADO,CTRL,1,1014,50702,-4,68,0
[ctrl-nao] ENVIADO,JOINTS,nao,1015,50750,19.1,80.3,27.9,0
[ctrl-spot] ENVIADO,JOINTS,spot,1015,50750,15.9,4.1,-7.7,0
[ctrl-2] ENVIADO,CTRL,2,941,50817,3,70,0
[ctrl-1] ENVIADO,CTRL,1,1018,50903,-4,69,0
[ctrl-pepper] ENVIADO,JOINTS,pepper,1018,50901,-60.0,15.4,-0.7,0
[esclava] LEDS,OK,OK,OK,OK,OK,OK
[esclava] # [● placa/MQTT]  ● player-1  ● player-2  ● player-3  ● sim-spot  ● sim-pepper  ● sim-nao
[ctrl-3] ENVIADO,CTRL,3,1019,50950,-1,69,0
[ctrl-nao] ENVIADO,JOINTS,nao,1020,51001,31.8,82.6,26.5,0
[ctrl-spot] ENVIADO,JOINTS,spot,1020,51001,13.5,1.5,-9.1,0
[ctrl-2] ENVIADO,CTRL,2,946,51066,0,70,0
[ctrl-1] ENVIADO,CTRL,1,1023,51152,-6,69,0
[ctrl-pepper] ENVIADO,JOINTS,pepper,1023,51150,-58.3,20.6,2.6,0
[ctrl-3] ENVIADO,CTRL,3,1023,51151,3,69,0
[ctrl-nao] ENVIADO,JOINTS,nao,1025,51250,42.8,83.8,24.8,0
[ctrl-spot] ENVIADO,JOINTS,spot,1025,51250,10.4,-1.1,-10.3,0
[ctrl-2] ENVIADO,CTRL,2,950,51266,1,69,0
[ctrl-1] ENVIADO,CTRL,1,1027,51352,-3,70,0
[ctrl-pepper] ENVIADO,JOINTS,pepper,1028,51400,-53.4,26.6,5.9,0
[ctrl-3] ENVIADO,CTRL,3,1028,51400,-1,68,0
[ctrl-spot] ENVIADO,JOINTS,spot,1029,51450,7.4,-3.1,-11.2,0
[ctrl-nao] ENVIADO,JOINTS,nao,1029,51450,49.9,84.0,23.3,0
[ctrl-2] ENVIADO,CTRL,2,954,51467,-1,72,0
[ctrl-pepper] ENVIADO,JOINTS,pepper,1032,51600,-47.4,31.7,8.4,0
[ctrl-3] ENVIADO,CTRL,3,1032,51601,1,69,0
[ctrl-1] ENVIADO,CTRL,1,1032,51602,-6,66,0
[ctrl-spot] ENVIADO,JOINTS,spot,1034,51700,3.4,-5.6,-12.2,0
[ctrl-nao] ENVIADO,JOINTS,nao,1034,51700,56.3,83.0,21.1,0
[ctrl-2] ENVIADO,CTRL,2,959,51716,-2,68,0
[ctrl-3] ENVIADO,CTRL,3,1037,51850,-3,73,0
[ctrl-pepper] ENVIADO,JOINTS,pepper,1037,51850,-37.5,38.4,11.5,0
[ctrl-1] ENVIADO,CTRL,1,1037,51852,-9,66,0
[ctrl-nao] ENVIADO,JOINTS,nao,1038,51900,59.2,81.5,19.1,0
[ctrl-2] ENVIADO,CTRL,2,963,51916,-4,70,0
[ctrl-spot] ENVIADO,JOINTS,spot,1039,51950,-0.8,-7.9,-13.1,0
[ctrl-1] ESTADO,ctrl-1,127.0.0.1,-40,1
[ctrl-3] ESTADO,ctrl-3,127.0.0.1,-40,1
[ctrl-3] RTT,0
[ctrl-1] RTT,1
[ctrl-nao] ESTADO,ctrl-nao,127.0.0.1,-40,1
[ctrl-pepper] ESTADO,ctrl-pepper,127.0.0.1,-40,1
[ctrl-spot] ESTADO,ctrl-spot,127.0.0.1,-40,1
[ctrl-spot] RTT,0
[ctrl-nao] RTT,1
[ctrl-pepper] RTT,1
[esclava] ESTADO,esclava,127.0.0.1,-40,1
[ctrl-2] ESTADO,ctrl-2,127.0.0.1,-40,1
[ctrl-2] RTT,0
[ctrl-1] ENVIADO,CTRL,1,1041,52052,-8,67,0
[ctrl-3] ENVIADO,CTRL,3,1041,52050,-4,71,0
[ctrl-pepper] ENVIADO,JOINTS,pepper,1041,52050,-28.0,43.9,13.9,0
[ctrl-nao] ENVIADO,JOINTS,nao,1043,52150,59.8,78.5,16.4,0
[ctrl-spot] ENVIADO,JOINTS,spot,1043,52150,-4.2,-9.6,-13.7,0
[ctrl-2] ENVIADO,CTRL,2,968,52166,-1,72,0
[ctrl-pepper] ENVIADO,JOINTS,pepper,1045,52250,-17.6,49.5,16.2,0
[ctrl-3] ENVIADO,CTRL,3,1045,52253,-2,68,0
[ctrl-1] ENVIADO,CTRL,1,1046,52302,-12,67,0
[ctrl-spot] ENVIADO,JOINTS,spot,1047,52350,-7.4,-11.1,-14.2,0
[ctrl-nao] ENVIADO,JOINTS,nao,1047,52350,58.0,75.4,14.2,0
[ctrl-2] ENVIADO,CTRL,2,973,52419,1,70,0
[ctrl-pepper] ENVIADO,JOINTS,pepper,1050,52500,-3.7,56.2,18.9,0
[ctrl-1] ENVIADO,CTRL,1,1050,52503,-13,65,0
[ctrl-3] ENVIADO,CTRL,3,1050,52500,-1,69,0
[ctrl-nao] ENVIADO,JOINTS,nao,1052,52600,52.8,70.6,11.2,0
[ctrl-spot] ENVIADO,JOINTS,spot,1052,52600,-11.0,-12.7,-14.6,0
[ctrl-2] ENVIADO,CTRL,2,978,52666,2,68,0
[ctrl-3] ENVIADO,CTRL,3,1054,52700,-3,71,0
[ctrl-pepper] ENVIADO,JOINTS,pepper,1055,52750,10.3,62.5,21.3,0
[ctrl-1] ENVIADO,CTRL,1,1055,52752,-15,65,0
[ctrl-spot] ENVIADO,JOINTS,spot,1056,52800,-13.5,-13.6,-14.9,0
[ctrl-nao] ENVIADO,JOINTS,nao,1056,52800,46.5,66.2,8.7,0
[ctrl-2] ENVIADO,CTRL,2,983,52916,0,68,0
[ctrl-pepper] ENVIADO,JOINTS,pepper,1059,52950,21.2,67.3,23.1,0
[ctrl-1] ENVIADO,CTRL,1,1059,52952,-17,63,0
[ctrl-3] ENVIADO,CTRL,3,1059,52950,-3,69,0
[esclava] LEDS,OK,OK,OK,OK,OK,OK
[esclava] # [● placa/MQTT]  ● player-1  ● player-2  ● player-3  ● sim-spot  ● sim-pepper  ● sim-nao
[ctrl-spot] ENVIADO,JOINTS,spot,1060,53000,-15.5,-14.4,-15.0,0
[ctrl-nao] ENVIADO,JOINTS,nao,1061,53050,36.3,60.2,5.5,0
[ctrl-3] ENVIADO,CTRL,3,1063,53153,-2,69,0
[ctrl-2] ENVIADO,CTRL,2,988,53166,-5,67,0
[ctrl-pepper] ENVIADO,JOINTS,pepper,1064,53200,33.8,72.5,25.1,0
[ctrl-1] ENVIADO,CTRL,1,1064,53202,-18,67,0
[ctrl-spot] ENVIADO,JOINTS,spot,1064,53201,-16.9,-14.8,-15.0,0
[ctrl-nao] ENVIADO,JOINTS,nao,1066,53300,24.2,53.7,2.2,0
[ctrl-2] ENVIADO,CTRL,2,992,53366,-6,68,0
[ctrl-3] ENVIADO,CTRL,3,1068,53400,-8,69,0
[ctrl-1] ENVIADO,CTRL,1,1068,53403,-18,63,0
[ctrl-pepper] ENVIADO,JOINTS,pepper,1068,53401,42.5,76.1,26.4,0
[ctrl-spot] ENVIADO,JOINTS,spot,1069,53450,-17.9,-15.0,-14.8,0
[ctrl-nao] ENVIADO,JOINTS,nao,1070,53500,13.5,48.3,-0.4,0
[ctrl-3] ENVIADO,CTRL,3,1072,53600,-6,66,0
[ctrl-2] ENVIADO,CTRL,2,997,53616,-1,70,0
[ctrl-1] ENVIADO,CTRL,1,1073,53652,-16,64,0
[ctrl-spot] ENVIADO,JOINTS,spot,1073,53650,-17.9,-14.8,-14.6,0
[ctrl-pepper] ENVIADO,JOINTS,pepper,1073,53650,51.2,79.7,27.8,0
[ctrl-nao] ENVIADO,JOINTS,nao,1074,53700,2.3,42.7,-3.1,0
[ctrl-3] ENVIADO,CTRL,3,1077,53850,-11,66,0
[ctrl-pepper] ENVIADO,JOINTS,pepper,1077,53850,56.1,81.9,28.7,0
[ctrl-2] ENVIADO,CTRL,2,1002,53866,0,70,0
[ctrl-1] ENVIADO,CTRL,1,1078,53902,-16,64,0
[ctrl-spot] ENVIADO,JOINTS,spot,1078,53905,-17.1,-14.2,-14.1,0
[ctrl-nao] ENVIADO,JOINTS,nao,1078,53905,-9.3,37.1,-5.7,0
[ctrl-1] ESTADO,ctrl-1,127.0.0.1,-40,1
[ctrl-3] ESTADO,ctrl-3,127.0.0.1,-40,1
[ctrl-3] RTT,0
[ctrl-1] RTT,1
[ctrl-spot] ESTADO,ctrl-spot,127.0.0.1,-40,1
[ctrl-pepper] ESTADO,ctrl-pepper,127.0.0.1,-40,1
[ctrl-nao] ESTADO,ctrl-nao,127.0.0.1,-40,1
[ctrl-pepper] RTT,1
[ctrl-spot] RTT,1
[ctrl-nao] RTT,1
[esclava] ESTADO,esclava,127.0.0.1,-40,1
[ctrl-2] ESTADO,ctrl-2,127.0.0.1,-40,1
[ctrl-2] RTT,0
[ctrl-pepper] ENVIADO,JOINTS,pepper,1081,54057,59.2,83.3,29.4,0
[ctrl-3] ENVIADO,CTRL,3,1082,54100,-10,67,0
[ctrl-2] ENVIADO,CTRL,2,1007,54116,-1,71,0
[ctrl-spot] ENVIADO,JOINTS,spot,1083,54150,-15.4,-13.1,-13.4,0
[ctrl-nao] ENVIADO,JOINTS,nao,1083,54150,-22.6,30.6,-8.9,0
[ctrl-1] ENVIADO,CTRL,1,1083,54152,-20,64,0
[ctrl-3] ENVIADO,CTRL,3,1086,54300,-12,66,0
[ctrl-pepper] ENVIADO,JOINTS,pepper,1086,54300,59.9,84.0,29.9,0
[ctrl-nao] ENVIADO,JOINTS,nao,1087,54350,-32.6,25.5,-11.3,0
[ctrl-2] ENVIADO,CTRL,2,1012,54366,-1,71,0
[ctrl-1] ENVIADO,CTRL,1,1088,54402,-17,62,0
[ctrl-spot] ENVIADO,JOINTS,spot,1088,54400,-12.7,-11.7,-12.6,0
[ctrl-pepper] ENVIADO,JOINTS,pepper,1090,54500,58.1,83.7,30.0,0
[ctrl-3] ENVIADO,CTRL,3,1090,54500,-17,65,0
[ctrl-nao] ENVIADO,JOINTS,nao,1091,54553,-41.6,20.7,-13.8,0
[ctrl-spot] ENVIADO,JOINTS,spot,1092,54600,-10.1,-10.3,-11.8,0
[ctrl-1] ENVIADO,CTRL,1,1092,54605,-24,65,0
[ctrl-2] ENVIADO,CTRL,2,1017,54616,-3,69,0
[ctrl-3] ENVIADO,CTRL,3,1094,54701,-6,67,0
[ctrl-pepper] ENVIADO,JOINTS,pepper,1095,54750,53.0,82.3,29.9,0
[ctrl-nao] ENVIADO,JOINTS,nao,1096,54800,-50.4,15.5,-16.6,0
[ctrl-2] ENVIADO,CTRL,2,1021,54816,-4,67,0
[ctrl-1] ENVIADO,CTRL,1,1097,54852,-15,64,0
[ctrl-spot] ENVIADO,JOINTS,spot,1097,54850,-6.4,-8.2,-10.8,0
[ctrl-3] ENVIADO,CTRL,3,1099,54950,-18,66,0
[esclava] LEDS,OK,OK,OK,OK,OK,OK
[esclava] # [● placa/MQTT]  ● player-1  ● player-2  ● player-3  ● sim-spot  ● sim-pepper  ● sim-nao
[ctrl-nao] ENVIADO,JOINTS,nao,1100,55000,-55.6,11.9,-18.7,0
[ctrl-pepper] ENVIADO,JOINTS,pepper,1100,55000,45.0,79.7,29.3,0
[ctrl-1] ENVIADO,CTRL,1,1101,55052,-16,69,0
[ctrl-spot] ENVIADO,JOINTS,spot,1101,55052,-3.1,-6.4,-9.8,0
[ctrl-2] ENVIADO,CTRL,2,1026,55069,-1,67,0
[ctrl-3] ENVIADO,CTRL,3,1103,55153,-19,65,0
[ctrl-pepper] ENVIADO,JOINTS,pepper,1104,55200,36.7,76.9,28.7,0
[ctrl-nao] ENVIADO,JOINTS,nao,1104,55200,-58.9,8.9,-20.7,0
[ctrl-1] ENVIADO,CTRL,1,1106,55302,-15,65,0
[ctrl-spot] ENVIADO,JOINTS,spot,1106,55300,10.0,-8.0,5.0,0
[ctrl-2] ENVIADO,CTRL,2,1031,55316,-4,70,0
[ctrl-3] ENVIADO,CTRL,3,1108,55400,-19,63,0
[ctrl-pepper] ENVIADO,JOINTS,pepper,1108,55400,27.2,73.5,27.8,0
[ctrl-nao] ENVIADO,JOINTS,nao,1109,55450,-60.0,6.2,-23.0,0
[ctrl-spot] ENVIADO,JOINTS,spot,1110,55501,10.0,-8.0,5.0,0
[ctrl-1] ENVIADO,CTRL,1,1111,55552,-21,65,0
[ctrl-2] ENVIADO,CTRL,2,1036,55569,-3,70,0
[ctrl-pepper] ENVIADO,JOINTS,pepper,1112,55600,16.7,69.5,26.7,0
[ctrl-3] ENVIADO,CTRL,3,1113,55650,-18,64,0
[ctrl-nao] ENVIADO,JOINTS,nao,1113,55650,-58.4,4.7,-24.6,0
[ctrl-spot] ENVIADO,JOINTS,spot,1115,55750,10.0,-8.0,5.0,0
[ctrl-1] ENVIADO,CTRL,1,1115,55752,-22,63,0
[ctrl-pepper] ENVIADO,JOINTS,pepper,1116,55800,5.6,65.0,25.4,0
[ctrl-2] ENVIADO,CTRL,2,1041,55816,-6,68,0
[ctrl-3] ENVIADO,CTRL,3,1117,55850,-18,64,0
[ctrl-nao] ENVIADO,JOINTS,nao,1118,55900,-53.6,4.0,-26.3,0
[ctrl-spot] ENVIADO,JOINTS,spot,1119,55950,10.0,-8.0,5.0,0
[ctrl-1] ENVIADO,CTRL,1,1119,55952,-27,62,0
[ctrl-1] ESTADO,ctrl-1,127.0.0.1,-40,1
[ctrl-pepper] ESTADO,ctrl-pepper,127.0.0.1,-40,1
[ctrl-pepper] RTT,5
[ctrl-1] RTT,6
[ctrl-nao] ESTADO,ctrl-nao,127.0.0.1,-40,1
[ctrl-spot] ESTADO,ctrl-spot,127.0.0.1,-40,1
[ctrl-3] ESTADO,ctrl-3,127.0.0.1,-40,1
[ctrl-nao] RTT,0
[ctrl-spot] RTT,0
[ctrl-3] RTT,0
[ctrl-2] ESTADO,ctrl-2,127.0.0.1,-40,1
[ctrl-2] RTT,0
[esclava] ESTADO,esclava,127.0.0.1,-40,1
[ctrl-pepper] ENVIADO,JOINTS,pepper,1121,56050,-8.5,58.8,23.5,0
[ctrl-2] ENVIADO,CTRL,2,1046,56066,-8,67,0
[ctrl-3] ENVIADO,CTRL,3,1122,56100,-16,65,0
[ctrl-spot] ENVIADO,JOINTS,spot,1123,56151,10.0,-8.0,5.0,0
[ctrl-nao] ENVIADO,JOINTS,nao,1123,56153,-45.8,4.5,-27.7,0
[ctrl-1] ENVIADO,CTRL,1,1123,56156,-25,62,0
[ctrl-pepper] ENVIADO,JOINTS,pepper,1125,56250,-19.5,53.5,21.8,0
[ctrl-2] ENVIADO,CTRL,2,1050,56266,-9,66,0
[ctrl-3] ENVIADO,CTRL,3,1126,56300,-21,66,0
[ctrl-nao] ENVIADO,JOINTS,nao,1128,56400,-35.6,6.1,-28.8,0
[ctrl-spot] ENVIADO,JOINTS,spot,1128,56400,10.0,-8.0,5.0,0
[ctrl-1] ENVIADO,CTRL,1,1128,56402,-16,66,0
[ctrl-pepper] ENVIADO,JOINTS,pepper,1129,56451,-29.8,48.0,19.8,0
[ctrl-2] ENVIADO,CTRL,2,1055,56516,-7,67,0
[ctrl-3] ENVIADO,CTRL,3,1131,56553,-22,61,0
[ctrl-1] ENVIADO,CTRL,1,1133,56652,-26,62,0
[ctrl-spot] ENVIADO,JOINTS,spot,1133,56650,10.0,-8.0,5.0,0
[ctrl-nao] ENVIADO,JOINTS,nao,1133,56650,-23.3,8.9,-29.6,0
[ctrl-pepper] ENVIADO,JOINTS,pepper,1134,56700,-41.1,41.2,17.3,0
[ctrl-3] ENVIADO,CTRL,3,1135,56753,-16,63,0
[ctrl-2] ENVIADO,CTRL,2,1060,56766,-13,69,0
[ctrl-nao] ENVIADO,JOINTS,nao,1138,56900,-9.8,12.7,-29.9,0
[ctrl-spot] ENVIADO,JOINTS,spot,1138,56900,10.0,-8.0,5.0,0
[ctrl-1] ENVIADO,CTRL,1,1138,56902,-25,60,0
[ctrl-pepper] ENVIADO,JOINTS,pepper,1139,56950,-50.2,34.4,14.5,0
[esclava] LEDS,OK,OK,OK,OK,OK,OK
[esclava] # [● placa/MQTT]  ● player-1  ● player-2  ● player-3  ● sim-spot  ● sim-pepper  ● sim-nao
[ctrl-3] ENVIADO,CTRL,3,1140,57000,-18,66,0
[ctrl-2] ENVIADO,CTRL,2,1065,57016,-14,67,0
[ctrl-nao] ENVIADO,JOINTS,nao,1142,57100,1.5,16.5,-30.0,0
[ctrl-1] ENVIADO,CTRL,1,1142,57103,-33,61,0
[ctrl-spot] ENVIADO,JOINTS,spot,1142,57101,10.0,-8.0,5.0,0
[ctrl-pepper] ENVIADO,JOINTS,pepper,1144,57200,-56.5,27.8,11.5,0
[ctrl-2] ENVIADO,CTRL,2,1069,57216,-18,65,0
[ctrl-3] ENVIADO,CTRL,3,1145,57253,-19,63,0
[ctrl-spot] ENVIADO,JOINTS,spot,1147,57350,10.0,-8.0,5.0,0
[ctrl-nao] ENVIADO,JOINTS,nao,1147,57350,15.4,21.8,-29.7,0
[ctrl-1] ENVIADO,CTRL,1,1147,57352,-36,57,0
[ctrl-pepper] ENVIADO,JOINTS,pepper,1148,57401,-59.3,22.9,9.0,0
[ctrl-2] ENVIADO,CTRL,2,1074,57466,-19,66,0
[ctrl-3] ENVIADO,CTRL,3,1150,57500,-23,62,0
[ctrl-nao] ENVIADO,JOINTS,nao,1152,57600,28.5,27.9,-29.1,0
[ctrl-spot] ENVIADO,JOINTS,spot,1152,57600,10.0,-8.0,5.0,0
[ctrl-1] ENVIADO,CTRL,1,1152,57602,-39,56,0
[ctrl-pepper] ENVIADO,JOINTS,pepper,1153,57650,-59.8,17.4,5.8,0
[ctrl-3] ENVIADO,CTRL,3,1154,57700,-22,65,0
[ctrl-2] ENVIADO,CTRL,2,1079,57716,-16,65,0
[ctrl-1] ENVIADO,CTRL,1,1157,57852,-34,59,0
[ctrl-spot] ENVIADO,JOINTS,spot,1157,57850,10.0,-8.0,5.0,0
[ctrl-nao] ENVIADO,JOINTS,nao,1157,57850,40.1,34.4,-28.1,0
[ctrl-pepper] ENVIADO,JOINTS,pepper,1157,57850,-57.9,13.5,3.2,0
[ctrl-3] ENVIADO,CTRL,3,1158,57901,-25,63,0
[ctrl-2] ENVIADO,CTRL,2,1083,57916,-16,67,0
[ctrl-1] ESTADO,ctrl-1,127.0.0.1,-40,1
[ctrl-nao] ESTADO,ctrl-nao,127.0.0.1,-40,1
[ctrl-3] ESTADO,ctrl-3,127.0.0.1,-40,1
[ctrl-spot] ESTADO,ctrl-spot,127.0.0.1,-40,1
[ctrl-1] RTT,0
[ctrl-3] RTT,0
[ctrl-nao] RTT,0
[ctrl-spot] RTT,0
[ctrl-pepper] ESTADO,ctrl-pepper,127.0.0.1,-40,1
[ctrl-pepper] RTT,0
[ctrl-2] ESTADO,ctrl-2,127.0.0.1,-40,1
[ctrl-2] RTT,0
[esclava] ESTADO,esclava,127.0.0.1,-40,1
[ctrl-spot] ENVIADO,JOINTS,spot,1161,58050,10.0,-8.0,5.0,0
[ctrl-1] ENVIADO,CTRL,1,1161,58052,-35,60,0
[ctrl-nao] ENVIADO,JOINTS,nao,1161,58053,47.8,40.0,-27.1,0
[ctrl-pepper] ENVIADO,JOINTS,pepper,1162,58100,-52.6,9.5,-0.1,0
[ctrl-3] ENVIADO,CTRL,3,1162,58102,-23,64,0
[ctrl-2] ENVIADO,CTRL,2,1087,58116,-21,65,0
[ctrl-spot] ENVIADO,JOINTS,spot,1165,58250,10.0,-8.0,5.0,0
[ctrl-pepper] ENVIADO,JOINTS,pepper,1166,58300,-46.2,7.1,-2.7,0
[ctrl-nao] ENVIADO,JOINTS,nao,1166,58300,54.9,46.8,-25.5,0
[ctrl-1] ENVIADO,CTRL,1,1166,58302,-26,64,0
[ctrl-3] ENVIADO,CTRL,3,1167,58350,-27,65,0
[ctrl-2] ENVIADO,CTRL,2,1092,58366,-23,60,0
[ctrl-spot] ENVIADO,JOINTS,spot,1170,58500,10.0,-8.0,5.0,0
[ctrl-1] ENVIADO,CTRL,1,1170,58502,-32,60,0
[ctrl-3] ENVIADO,CTRL,3,1171,58550,-28,60,0
[ctrl-nao] ENVIADO,JOINTS,nao,1171,58550,59.0,53.6,-23.6,0
[ctrl-pepper] ENVIADO,JOINTS,pepper,1171,58551,-36.0,5.0,-6.0,0
[ctrl-2] ENVIADO,CTRL,2,1096,58566,-18,65,0
[ctrl-1] ENVIADO,CTRL,1,1174,58702,-24,61,0
[ctrl-spot] ENVIADO,JOINTS,spot,1175,58750,10.0,-8.0,5.0,0
[ctrl-nao] ENVIADO,JOINTS,nao,1176,58800,59.9,60.1,-21.5,0
[ctrl-3] ENVIADO,CTRL,3,1176,58800,-23,64,0
[ctrl-pepper] ENVIADO,JOINTS,pepper,1176,58800,-23.8,4.0,-9.2,0
[ctrl-2] ENVIADO,CTRL,2,1101,58816,-21,59,0
[ctrl-1] ENVIADO,CTRL,1,1178,58902,-19,63,0
[ctrl-spot] ENVIADO,JOINTS,spot,1179,58953,10.0,-8.0,5.0,0
[esclava] LEDS,OK,OK,OK,OK,OK,OK
[esclava] # [● placa/MQTT]  ● player-1  ● player-2  ● player-3  ● sim-spot  ● sim-pepper  ● sim-nao
[ctrl-nao] ENVIADO,JOINTS,nao,1180,59000,58.2,65.0,-19.5,0
[ctrl-pepper] ENVIADO,JOINTS,pepper,1180,59005,-12.8,4.2,-11.7,0
[ctrl-2] ENVIADO,CTRL,2,1105,59016,-19,65,0
[ctrl-3] ENVIADO,CTRL,3,1181,59050,-24,60,0
[ctrl-1] ENVIADO,CTRL,1,1182,59103,-16,68,0
[ctrl-nao] ENVIADO,JOINTS,nao,1184,59200,54.5,69.5,-17.4,0
[ctrl-spot] ENVIADO,JOINTS,spot,1184,59205,10.0,-8.0,5.0,0
[ctrl-pepper] ENVIADO,JOINTS,pepper,1185,59250,1.0,5.4,-14.6,0
[ctrl-3] ENVIADO,CTRL,3,1185,59251,-33,59,0
[ctrl-2] ENVIADO,CTRL,2,1110,59269,-18,63,0
[ctrl-1] ENVIADO,CTRL,1,1187,59353,-7,66,0
[ctrl-nao] ENVIADO,JOINTS,nao,1188,59400,48.8,73.5,-15.2,0
[ctrl-spot] ENVIADO,JOINTS,spot,1189,59450,10.0,-8.0,5.0,0
[ctrl-pepper] ENVIADO,JOINTS,pepper,1190,59500,14.9,7.7,-17.4,0
[ctrl-3] ENVIADO,CTRL,3,1190,59500,-38,57,0
[ctrl-2] ENVIADO,CTRL,2,1115,59516,-20,63,0
[ctrl-1] ENVIADO,CTRL,1,1192,59603,0,70,0
[ctrl-nao] ENVIADO,JOINTS,nao,1192,59600,41.3,77.0,-12.9,0
[ctrl-spot] ENVIADO,JOINTS,spot,1193,59650,10.0,-8.0,5.0,0
[ctrl-3] ENVIADO,CTRL,3,1194,59700,-36,60,0
[ctrl-pepper] ENVIADO,JOINTS,pepper,1194,59705,25.8,10.5,-19.5,0
[ctrl-2] ENVIADO,CTRL,2,1120,59766,-20,63,0
[ctrl-1] ENVIADO,CTRL,1,1197,59852,6,67,0
[ctrl-nao] ENVIADO,JOINTS,nao,1197,59850,30.1,80.4,-9.9,0
[ctrl-spot] ENVIADO,JOINTS,spot,1198,59900,10.0,-8.0,5.0,0
[ctrl-pepper] ENVIADO,JOINTS,pepper,1199,59950,37.5,14.6,-21.9,0
[ctrl-3] ENVIADO,CTRL,3,1199,59950,-32,60,0
[ctrl-1] ESTADO,ctrl-1,127.0.0.1,-40,1
[ctrl-1] RTT,1
[ctrl-3] ESTADO,ctrl-3,127.0.0.1,-40,1
[ctrl-spot] ESTADO,ctrl-spot,127.0.0.1,-40,1
[ctrl-spot] RTT,1
[ctrl-nao] ESTADO,ctrl-nao,127.0.0.1,-40,1
[ctrl-nao] RTT,1
[ctrl-pepper] ESTADO,ctrl-pepper,127.0.0.1,-40,1
[ctrl-pepper] RTT,1
[ctrl-3] RTT,1
[esclava] ESTADO,esclava,127.0.0.1,-40,1
[ctrl-2] ESTADO,ctrl-2,127.0.0.1,-40,1
[ctrl-2] ENVIADO,CTRL,2,1125,60016,-20,63,0
[ctrl-2] RTT,1
[ctrl-nao] ENVIADO,JOINTS,nao,1201,60050,19.8,82.3,-7.3,1
[ctrl-1] ENVIADO,CTRL,1,1201,60053,15,64,0
[ctrl-spot] ENVIADO,JOINTS,spot,1202,60100,10.0,-8.0,5.0,0
[ctrl-pepper] ENVIADO,JOINTS,pepper,1203,60150,45.7,18.6,-23.6,1
[ctrl-3] ENVIADO,CTRL,3,1203,60150,-29,61,0
[ctrl-2] ENVIADO,CTRL,2,1129,60217,-21,60,0
[ctrl-nao] ENVIADO,JOINTS,nao,1205,60250,8.8,83.5,-4.7,1
[ctrl-1] ENVIADO,CTRL,1,1206,60302,15,64,0
[ctrl-spot] ENVIADO,JOINTS,spot,1206,60301,10.0,-8.0,5.0,0
[ctrl-pepper] ENVIADO,JOINTS,pepper,1208,60400,53.5,24.3,-25.5,1
[ctrl-3] ENVIADO,CTRL,3,1208,60400,-29,62,0
[ctrl-2] ENVIADO,CTRL,2,1134,60466,-20,63,0
[ctrl-1] ENVIADO,CTRL,1,1210,60502,22,63,0
[ctrl-nao] ENVIADO,JOINTS,nao,1210,60500,-5.2,84.0,-1.5,0
[ctrl-spot] ENVIADO,JOINTS,spot,1211,60550,-17.2,-3.2,14.9,0
[ctrl-3] ENVIADO,CTRL,3,1212,60600,-30,60,0
[ctrl-pepper] ENVIADO,JOINTS,pepper,1212,60601,57.6,29.4,-26.8,0
[ctrl-1] ENVIADO,CTRL,1,1214,60702,23,61,0
[ctrl-2] ENVIADO,CTRL,2,1139,60716,-24,64,0
[ctrl-spot] ENVIADO,JOINTS,spot,1215,60750,-15.9,-5.2,14.6,0
[ctrl-nao] ENVIADO,JOINTS,nao,1215,60750,-19.1,83.3,1.8,0
[ctrl-pepper] ENVIADO,JOINTS,pepper,1217,60851,59.9,36.0,-28.1,0
[ctrl-3] ENVIADO,CTRL,3,1217,60850,-26,61,0
[ctrl-2] ENVIADO,CTRL,2,1143,60916,-33,61,0
[ctrl-1] ENVIADO,CTRL,1,1219,60952,25,63,0
[ctrl-spot] ENVIADO,JOINTS,spot,1219,60950,-14.1,-7.1,14.3,0
[ctrl-nao] ENVIADO,JOINTS,nao,1219,60951,-29.4,81.8,4.5,0
[esclava] LEDS,OK,OK,OK,OK,OK,OK
[esclava] # [● placa/MQTT]  ● player-1  ● player-2  ● player-3  ● sim-spot  ● sim-pepper  ● sim-nao
[ctrl-3] ENVIADO,CTRL,3,1221,61050,-24,61,0
[ctrl-pepper] ENVIADO,JOINTS,pepper,1222,61100,58.9,42.8,-29.1,0
[ctrl-1] ENVIADO,CTRL,1,1223,61158,20,61,0
[ctrl-2] ENVIADO,CTRL,2,1148,61171,-32,61,0
[ctrl-spot] ENVIADO,JOINTS,spot,1224,61200,-11.1,-9.3,13.7,0
[ctrl-nao] ENVIADO,JOINTS,nao,1224,61200,-40.8,79.0,7.7,0
[ctrl-3] ENVIADO,CTRL,3,1225,61251,-14,68,0
[ctrl-pepper] ENVIADO,JOINTS,pepper,1227,61350,54.7,49.7,-29.7,0
[ctrl-1] ENVIADO,CTRL,1,1228,61403,29,61,0
[ctrl-2] ENVIADO,CTRL,2,1153,61416,-32,60,0
[ctrl-spot] ENVIADO,JOINTS,spot,1229,61450,-7.4,-11.2,12.9,0
[ctrl-nao] ENVIADO,JOINTS,nao,1229,61451,-49.9,75.2,10.8,0
[ctrl-3] ENVIADO,CTRL,3,1230,61501,-11,70,0
[ctrl-pepper] ENVIADO,JOINTS,pepper,1231,61553,49.0,55.2,-30.0,0
[ctrl-spot] ENVIADO,JOINTS,spot,1233,61650,-4.2,-12.4,12.2,0
[ctrl-1] ENVIADO,CTRL,1,1233,61652,30,62,0
[ctrl-2] ENVIADO,CTRL,2,1158,61666,-24,59,0
[ctrl-nao] ENVIADO,JOINTS,nao,1234,61700,-56.3,70.4,13.8,0
[ctrl-3] ENVIADO,CTRL,3,1234,61701,3,69,0
[ctrl-pepper] ENVIADO,JOINTS,pepper,1236,61800,39.7,61.5,-29.9,0
[ctrl-1] ENVIADO,CTRL,1,1237,61852,31,61,0
[ctrl-spot] ENVIADO,JOINTS,spot,1237,61851,-0.9,-13.5,11.4,0
[ctrl-2] ENVIADO,CTRL,2,1162,61868,-28,60,0
[ctrl-nao] ENVIADO,JOINTS,nao,1238,61900,-59.2,66.1,16.1,0
[ctrl-3] ENVIADO,CTRL,3,1239,61950,12,66,0
[ctrl-1] ESTADO,ctrl-1,127.0.0.1,-40,1
[ctrl-3] ESTADO,ctrl-3,127.0.0.1,-40,1
[ctrl-3] RTT,0
[ctrl-spot] ESTADO,ctrl-spot,127.0.0.1,-40,1
[ctrl-pepper] ESTADO,ctrl-pepper,127.0.0.1,-40,1
[ctrl-spot] RTT,1
[ctrl-nao] ESTADO,ctrl-nao,127.0.0.1,-40,1
[ctrl-pepper] ENVIADO,JOINTS,pepper,1240,62001,30.5,66.3,-29.7,0
[ctrl-nao] RTT,1
[ctrl-pepper] RTT,1
[ctrl-1] RTT,1
[ctrl-2] ESTADO,ctrl-2,127.0.0.1,-40,1
[ctrl-2] RTT,0
[esclava] ESTADO,esclava,127.0.0.1,-40,1
[ctrl-1] ENVIADO,CTRL,1,1241,62053,29,61,0
[ctrl-spot] ENVIADO,JOINTS,spot,1241,62051,2.5,-14.3,10.5,0
[ctrl-2] ENVIADO,CTRL,2,1167,62116,-37,58,0
[ctrl-nao] ENVIADO,JOINTS,nao,1243,62150,-59.8,60.0,18.8,0
[ctrl-3] ENVIADO,CTRL,3,1243,62152,15,67,0
[ctrl-pepper] ENVIADO,JOINTS,pepper,1245,62250,17.6,71.7,-29.0,0
[ctrl-1] ENVIADO,CTRL,1,1245,62253,30,59,0
[ctrl-spot] ENVIADO,JOINTS,spot,1246,62300,6.6,-14.8,9.3,0
[ctrl-2] ENVIADO,CTRL,2,1171,62316,-39,57,0
[ctrl-3] ENVIADO,CTRL,3,1248,62400,15,65,0
[ctrl-nao] ENVIADO,JOINTS,nao,1248,62400,-57.2,53.4,21.2,0
[ctrl-pepper] ENVIADO,JOINTS,pepper,1249,62454,6.3,75.5,-28.2,0
[ctrl-1] ENVIADO,CTRL,1,1250,62502,39,59,0
[ctrl-2] ENVIADO,CTRL,2,1175,62516,-25,61,0
[ctrl-spot] ENVIADO,JOINTS,spot,1251,62550,10.3,-15.0,7.9,0
[ctrl-3] ENVIADO,CTRL,3,1253,62650,13,66,0
[ctrl-nao] ENVIADO,JOINTS,nao,1253,62650,-51.4,46.6,23.4,0
[ctrl-1] ENVIADO,CTRL,1,1254,62702,43,57,0
[ctrl-pepper] ENVIADO,JOINTS,pepper,1254,62700,-7.6,79.2,-26.9,0
[ctrl-2] ENVIADO,CTRL,2,1180,62766,-26,63,0
[ctrl-spot] ENVIADO,JOINTS,spot,1256,62800,13.5,-14.7,6.5,0
[ctrl-3] ENVIADO,CTRL,3,1258,62900,22,62,0
[ctrl-pepper] ENVIADO,JOINTS,pepper,1258,62901,-18.6,81.5,-25.7,0
[ctrl-nao] ENVIADO,JOINTS,nao,1258,62901,-42.7,39.7,25.4,0
[ctrl-1] ENVIADO,CTRL,1,1259,62952,40,58,0
[ctrl-spot] ENVIADO,JOINTS,spot,1260,63000,15.5,-14.1,5.2,0
[ctrl-2] ENVIADO,CTRL,2,1185,63016,-33,60,0
[esclava] LEDS,OK,OK,OK,OK,OK,OK
[esclava] # [● placa/MQTT]  ● player-1  ● player-2  ● player-3  ● sim-spot  ● sim-pepper  ● sim-nao
[ctrl-nao] ENVIADO,JOINTS,nao,1263,63150,-31.7,32.9,27.0,0
[ctrl-pepper] ENVIADO,JOINTS,pepper,1263,63150,-31.4,83.3,-23.8,0
[ctrl-3] ENVIADO,CTRL,3,1263,63151,22,62,0
[ctrl-1] ENVIADO,CTRL,1,1264,63202,48,59,0
[ctrl-spot] ENVIADO,JOINTS,spot,1264,63205,17.0,-13.3,4.0,0
[ctrl-2] ENVIADO,CTRL,2,1189,63216,-30,62,0
[ctrl-pepper] ENVIADO,JOINTS,pepper,1267,63350,-40.4,84.0,-22.1,0
[ctrl-nao] ENVIADO,JOINTS,nao,1268,63401,-18.9,26.5,28.2,0
[ctrl-1] ENVIADO,CTRL,1,1268,63403,41,55,0
[ctrl-3] ENVIADO,CTRL,3,1268,63401,22,62,0
[ctrl-spot] ENVIADO,JOINTS,spot,1269,63450,17.9,-11.9,2.4,0
[ctrl-2] ENVIADO,CTRL,2,1194,63466,-27,61,0
[ctrl-pepper] ENVIADO,JOINTS,pepper,1272,63600,-49.6,83.7,-19.8,0
[ctrl-1] ENVIADO,CTRL,1,1273,63652,34,59,0
[ctrl-3] ENVIADO,CTRL,3,1273,63650,31,62,0
[ctrl-nao] ENVIADO,JOINTS,nao,1273,63650,-5.1,20.6,29.2,0
[ctrl-2] ENVIADO,CTRL,2,1198,63666,-17,66,0
[ctrl-spot] ENVIADO,JOINTS,spot,1274,63700,17.9,-10.2,0.7,0
[ctrl-nao] ENVIADO,JOINTS,nao,1277,63850,6.2,16.3,29.7,0
[ctrl-pepper] ENVIADO,JOINTS,pepper,1277,63850,-56.2,82.2,-17.2,0
[ctrl-1] ENVIADO,CTRL,1,1277,63852,27,62,0
[ctrl-3] ENVIADO,CTRL,3,1278,63900,36,61,0
[ctrl-2] ENVIADO,CTRL,2,1203,63916,-11,67,0
[ctrl-spot] ENVIADO,JOINTS,spot,1279,63950,16.8,-8.2,-0.9,0
[ctrl-1] ESTADO,ctrl-1,127.0.0.1,-40,1
[ctrl-spot] ESTADO,ctrl-spot,127.0.0.1,-40,1
[ctrl-spot] RTT,0
[ctrl-pepper] ESTADO,ctrl-pepper,127.0.0.1,-40,1
[ctrl-3] ESTADO,ctrl-3,127.0.0.1,-40,1
[ctrl-pepper] RTT,1
[ctrl-3] RTT,1
[ctrl-1] RTT,1
[ctrl-nao] ESTADO,ctrl-nao,127.0.0.1,-40,1
[ctrl-nao] RTT,0
[ctrl-2] ESTADO,ctrl-2,127.0.0.1,-40,1
[ctrl-2] RTT,1
[esclava] ESTADO,esclava,127.0.0.1,-40,1
[ctrl-1] ENVIADO,CTRL,1,1282,64102,22,62,0
[ctrl-nao] ENVIADO,JOINTS,nao,1282,64100,19.9,11.8,30.0,0
[ctrl-pepper] ENVIADO,JOINTS,pepper,1282,64101,-59.5,79.6,-14.4,0
[ctrl-3] ENVIADO,CTRL,3,1283,64151,30,58,0
[ctrl-spot] ENVIADO,JOINTS,spot,1283,64151,15.4,-6.3,-2.2,0
[ctrl-2] ENVIADO,CTRL,2,1208,64166,5,70,0
[ctrl-1] ENVIADO,CTRL,1,1286,64302,26,65,0
[ctrl-nao] ENVIADO,JOINTS,nao,1286,64300,30.2,8.8,30.0,0
[ctrl-pepper] ENVIADO,JOINTS,pepper,1287,64350,-59.6,75.9,-11.4,0
[ctrl-2] ENVIADO,CTRL,2,1212,64366,9,66,0
[ctrl-3] ENVIADO,CTRL,3,1288,64400,32,59,0
[ctrl-spot] ENVIADO,JOINTS,spot,1288,64400,12.7,-3.9,-3.8,0
[ctrl-nao] ENVIADO,JOINTS,nao,1291,64550,41.5,6.1,29.6,0
[ctrl-1] ENVIADO,CTRL,1,1291,64552,23,64,0
[ctrl-pepper] ENVIADO,JOINTS,pepper,1292,64600,-56.4,71.3,-8.3,0
[ctrl-3] ENVIADO,CTRL,3,1292,64600,36,58,0
[ctrl-2] ENVIADO,CTRL,2,1217,64616,18,64,0
[ctrl-spot] ENVIADO,JOINTS,spot,1293,64650,9.4,-1.4,-5.4,0
[ctrl-nao] ENVIADO,JOINTS,nao,1295,64750,48.8,4.7,29.1,0
[ctrl-pepper] ENVIADO,JOINTS,pepper,1296,64800,20.0,55.0,-25.0,0
[ctrl-1] ENVIADO,CTRL,1,1296,64802,20,65,0
[ctrl-3] ENVIADO,CTRL,3,1297,64850,35,58,0
[ctrl-2] ENVIADO,CTRL,2,1222,64866,19,65,0
[ctrl-spot] ENVIADO,JOINTS,spot,1298,64900,5.6,1.2,-6.9,0
[ctrl-nao] ENVIADO,JOINTS,nao,1299,64950,54.5,4.0,28.3,0
[ctrl-1] ENVIADO,CTRL,1,1300,65003,13,64,0
[esclava] LEDS,OK,OK,OK,OK,OK,OK
[esclava] # [● placa/MQTT]  ● player-1  ● player-2  ● player-3  ● sim-spot  ● sim-pepper  ● sim-nao
[ctrl-pepper] ENVIADO,JOINTS,pepper,1301,65050,20.0,55.0,-25.0,0
[ctrl-3] ENVIADO,CTRL,3,1302,65100,45,55,0
[ctrl-2] ENVIADO,CTRL,2,1227,65116,14,65,0
[ctrl-spot] ENVIADO,JOINTS,spot,1303,65152,1.4,3.8,-8.3,0
[ctrl-nao] ENVIADO,JOINTS,nao,1304,65201,58.9,4.3,27.0,0
[ctrl-pepper] ENVIADO,JOINTS,pepper,1305,65250,20.0,55.0,-25.0,0
[ctrl-1] ENVIADO,CTRL,1,1305,65252,2,71,0
[ctrl-3] ENVIADO,CTRL,3,1306,65300,46,55,0
[ctrl-2] ENVIADO,CTRL,2,1231,65316,17,64,0
[ctrl-spot] ENVIADO,JOINTS,spot,1308,65400,-2.8,6.2,-9.6,0
[ctrl-1] ENVIADO,CTRL,1,1309,65452,-4,67,0
[ctrl-nao] ENVIADO,JOINTS,nao,1309,65450,60.0,5.8,25.5,0
[ctrl-pepper] ENVIADO,JOINTS,pepper,1309,65450,20.0,55.0,-25.0,0
[ctrl-3] ENVIADO,CTRL,3,1311,65550,40,57,0
[ctrl-2] ENVIADO,CTRL,2,1236,65567,22,64,0
[ctrl-spot] ENVIADO,JOINTS,spot,1312,65600,-6.1,8.0,-10.6,0
[ctrl-nao] ENVIADO,JOINTS,nao,1314,65700,57.7,8.4,23.6,0
[ctrl-1] ENVIADO,CTRL,1,1314,65702,-18,68,0
[ctrl-pepper] ENVIADO,JOINTS,pepper,1314,65705,20.0,55.0,-25.0,0
[ctrl-2] ENVIADO,CTRL,2,1240,65771,24,63,0
[ctrl-3] ENVIADO,CTRL,3,1316,65800,32,57,0
[ctrl-spot] ENVIADO,JOINTS,spot,1317,65850,-9.9,10.1,-11.7,0
[ctrl-nao] ENVIADO,JOINTS,nao,1318,65900,53.6,11.2,21.8,0
[ctrl-1] ENVIADO,CTRL,1,1318,65902,-27,62,0
[ctrl-pepper] ENVIADO,JOINTS,pepper,1319,65950,20.0,55.0,-25.0,0
[ctrl-1] ESTADO,ctrl-1,127.0.0.1,-40,1
[ctrl-nao] ESTADO,ctrl-nao,127.0.0.1,-40,1
[ctrl-spot] ESTADO,ctrl-spot,127.0.0.1,-40,1
[ctrl-3] ESTADO,ctrl-3,127.0.0.1,-40,1
[ctrl-nao] RTT,0
[ctrl-spot] RTT,0
[ctrl-3] ENVIADO,CTRL,3,1320,66000,28,62,0
[ctrl-3] RTT,1
[ctrl-1] RTT,1
[ctrl-pepper] ESTADO,ctrl-pepper,127.0.0.1,-40,1
[ctrl-pepper] RTT,1
[ctrl-2] ESTADO,ctrl-2,127.0.0.1,-40,1
[ctrl-2] ENVIADO,CTRL,2,1245,66016,26,64,0
[ctrl-2] RTT,0
[esclava] ESTADO,esclava,127.0.0.1,-40,1
[ctrl-spot] ENVIADO,JOINTS,spot,1321,66051,-12.5,11.5,-12.5,0
[ctrl-1] ENVIADO,CTRL,1,1322,66102,-31,61,0
[ctrl-nao] ENVIADO,JOINTS,nao,1323,66150,45.9,15.6,19.5,0
[ctrl-pepper] ENVIADO,JOINTS,pepper,1324,66200,20.0,55.0,-25.0,0
[ctrl-2] ENVIADO,CTRL,2,1249,66216,25,64,0
[ctrl-3] ENVIADO,CTRL,3,1325,66250,24,63,0
[ctrl-spot] ENVIADO,JOINTS,spot,1326,66300,-15.2,13.0,-13.3,0
[ctrl-1] ENVIADO,CTRL,1,1327,66352,-32,61,0
[ctrl-nao] ENVIADO,JOINTS,nao,1327,66350,37.8,19.8,17.4,0
[ctrl-pepper] ENVIADO,JOINTS,pepper,1328,66400,20.0,55.0,-25.0,0
[ctrl-2] ENVIADO,CTRL,2,1253,66416,29,60,0
[ctrl-3] ENVIADO,CTRL,3,1330,66500,20,62,0
[ctrl-spot] ENVIADO,JOINTS,spot,1330,66500,-16.7,13.9,-13.9,0
[ctrl-1] ENVIADO,CTRL,1,1331,66552,-39,60,0
[ctrl-nao] ENVIADO,JOINTS,nao,1332,66600,25.9,25.6,14.6,0
[ctrl-pepper] ENVIADO,JOINTS,pepper,1333,66650,20.0,55.0,-25.0,0
[ctrl-2] ENVIADO,CTRL,2,1258,66666,33,58,0
[ctrl-3] ENVIADO,CTRL,3,1334,66700,13,63,0
[ctrl-spot] ENVIADO,JOINTS,spot,1335,66750,-17.8,14.7,-14.4,0
[ctrl-1] ENVIADO,CTRL,1,1336,66802,-48,52,0
[ctrl-nao] ENVIADO,JOINTS,nao,1336,66800,15.3,30.7,12.2,0
[ctrl-pepper] ENVIADO,JOINTS,pepper,1337,66850,20.0,55.0,-25.0,0
[ctrl-2] ENVIADO,CTRL,2,1263,66916,37,61,0
[ctrl-3] ENVIADO,CTRL,3,1339,66950,10,68,0
[ctrl-spot] ENVIADO,JOINTS,spot,1340,67000,-17.9,15.0,-14.8,0
[ctrl-nao] ENVIADO,JOINTS,nao,1340,67000,4.1,36.0,9.8,0
[esclava] LEDS,OK,OK,OK,OK,OK,OK
[esclava] # [● placa/MQTT]  ● player-1  ● player-2  ● player-3  ● sim-spot  ● sim-pepper  ● sim-nao
[ctrl-1] ENVIADO,CTRL,1,1341,67053,-54,55,0
[ctrl-pepper] ENVIADO,JOINTS,pepper,1341,67051,20.0,55.0,-25.0,0
[ctrl-3] ENVIADO,CTRL,3,1343,67153,2,68,0
[ctrl-2] ENVIADO,CTRL,2,1268,67167,38,62,0
[ctrl-spot] ENVIADO,JOINTS,spot,1344,67200,-17.3,14.9,-15.0,0
[ctrl-nao] ENVIADO,JOINTS,nao,1345,67250,-9.9,42.9,6.6,0
[ctrl-1] ENVIADO,CTRL,1,1346,67302,-50,55,0
[ctrl-pepper] ENVIADO,JOINTS,pepper,1346,67300,20.0,55.0,-25.0,0
[ctrl-3] ENVIADO,CTRL,3,1348,67400,-5,72,0
[ctrl-2] ENVIADO,CTRL,2,1273,67417,40,55,0
[ctrl-spot] ENVIADO,JOINTS,spot,1349,67450,-15.6,14.4,-15.0,0
[ctrl-nao] ENVIADO,JOINTS,nao,1350,67500,-23.5,49.8,3.3,0
[ctrl-1] ENVIADO,CTRL,1,1350,67502,-40,55,0
[ctrl-pepper] ENVIADO,JOINTS,pepper,1351,67550,20.0,55.0,-25.0,0
[ctrl-3] ENVIADO,CTRL,3,1353,67650,-14,67,0
[ctrl-2] ENVIADO,CTRL,2,1278,67666,40,55,0
[ctrl-spot] ENVIADO,JOINTS,spot,1354,67700,-13.1,13.5,-14.9,0
[ctrl-nao] ENVIADO,JOINTS,nao,1354,67700,-33.4,55.2,0.7,0
[ctrl-1] ENVIADO,CTRL,1,1355,67752,-32,60,0
[ctrl-pepper] ENVIADO,JOINTS,pepper,1355,67750,20.0,55.0,-25.0,0
[ctrl-3] ENVIADO,CTRL,3,1357,67850,-19,63,0
[ctrl-2] ENVIADO,CTRL,2,1282,67866,44,56,0
[ctrl-spot] ENVIADO,JOINTS,spot,1358,67900,-10.6,12.5,-14.6,0
[ctrl-nao] ENVIADO,JOINTS,nao,1359,67950,-44.1,61.6,-2.6,0
[ctrl-pepper] ENVIADO,JOINTS,pepper,1359,67950,20.0,55.0,-25.0,0
[ctrl-1] ESTADO,ctrl-1,127.0.0.1,-40,1
[ctrl-3] ESTADO,ctrl-3,127.0.0.1,-40,1
[ctrl-3] RTT,0
[ctrl-pepper] ESTADO,ctrl-pepper,127.0.0.1,-40,1
[ctrl-pepper] RTT,0
[ctrl-1] ENVIADO,CTRL,1,1360,68002,-24,61,0
[ctrl-1] RTT,1
[ctrl-nao] ESTADO,ctrl-nao,127.0.0.1,-40,1
[ctrl-nao] RTT,0
[esclava] ESTADO,esclava,127.0.0.1,-40,1
[ctrl-spot] ESTADO,ctrl-spot,127.0.0.1,-40,1
[ctrl-spot] RTT,0
[ctrl-2] ESTADO,ctrl-2,127.0.0.1,-40,1
[ctrl-2] RTT,0
[ctrl-3] ENVIADO,CTRL,3,1361,68058,-21,60,0
[ctrl-2] ENVIADO,CTRL,2,1286,68066,43,58,0
[ctrl-nao] ENVIADO,JOINTS,nao,1363,68150,-50.9,66.4,-5.2,0
[ctrl-spot] ENVIADO,JOINTS,spot,1362,68158,-6.8,10.8,-14.1,0
[ctrl-pepper] ENVIADO,JOINTS,pepper,1364,68200,20.0,55.0,-25.0,0
[ctrl-1] ENVIADO,CTRL,1,1365,68252,-16,63,0
[ctrl-2] ENVIADO,CTRL,2,1290,68267,31,63,0
[ctrl-3] ENVIADO,CTRL,3,1366,68300,-40,61,0
[ctrl-nao] ENVIADO,JOINTS,nao,1367,68351,-56.0,70.8,-7.8,0
[ctrl-spot] ENVIADO,JOINTS,spot,1368,68400,-2.8,9.0,-13.5,0
[ctrl-pepper] ENVIADO,JOINTS,pepper,1369,68450,20.0,55.0,-25.0,0
[ctrl-1] ENVIADO,CTRL,1,1370,68502,-17,64,0
[ctrl-2] ENVIADO,CTRL,2,1295,68517,32,63,0
[ctrl-3] ENVIADO,CTRL,3,1371,68552,-44,55,0
[ctrl-spot] ENVIADO,JOINTS,spot,1372,68600,0.5,7.2,-12.9,0
[ctrl-nao] ENVIADO,JOINTS,nao,1372,68600,-59.5,75.5,-10.9,0
[ctrl-pepper] ENVIADO,JOINTS,pepper,1373,68650,20.0,55.0,-25.0,0
[ctrl-1] ENVIADO,CTRL,1,1374,68702,-14,66,0
[ctrl-2] ENVIADO,CTRL,2,1299,68717,24,63,0
[ctrl-3] ENVIADO,CTRL,3,1376,68800,-47,56,0
[ctrl-spot] ENVIADO,JOINTS,spot,1377,68850,4.7,4.9,-12.0,0
[ctrl-nao] ENVIADO,JOINTS,nao,1377,68850,-59.7,79.2,-13.9,0
[ctrl-pepper] ENVIADO,JOINTS,pepper,1377,68850,20.0,55.0,-25.0,0
[ctrl-1] ENVIADO,CTRL,1,1379,68952,-8,66,0
[ctrl-2] ENVIADO,CTRL,2,1304,68966,27,65,0
[ctrl-3] ENVIADO,CTRL,3,1380,69000,-53,55,0
[ctrl-spot] ENVIADO,JOINTS,spot,1381,69050,7.9,2.9,-11.2,0
[ctrl-pepper] ENVIADO,JOINTS,pepper,1381,69050,20.0,55.0,-25.0,0
[esclava] LEDS,OK,OK,OK,OK,OK,OK
[esclava] # [● placa/MQTT]  ● player-1  ● player-2  ● player-3  ● sim-spot  ● sim-pepper  ● sim-nao
[ctrl-nao] ENVIADO,JOINTS,nao,1382,69100,-56.6,82.0,-16.7,0
[ctrl-1] ENVIADO,CTRL,1,1383,69152,-16,67,0
[ctrl-2] ENVIADO,CTRL,2,1308,69168,15,65,0
[ctrl-spot] ENVIADO,JOINTS,spot,1385,69250,10.8,0.8,-10.2,0
[ctrl-3] ENVIADO,CTRL,3,1385,69250,-50,55,0
[ctrl-pepper] ENVIADO,JOINTS,pepper,1385,69251,20.0,55.0,-25.0,0
[ctrl-nao] ENVIADO,JOINTS,nao,1386,69300,-51.8,83.3,-18.9,0
[ctrl-1] ENVIADO,CTRL,1,1387,69352,-10,68,0
[ctrl-2] ENVIADO,CTRL,2,1313,69416,8,69,0
[ctrl-spot] ENVIADO,JOINTS,spot,1390,69500,13.9,-1.8,-9.0,0
[ctrl-3] ENVIADO,CTRL,3,1390,69500,-48,57,0
[ctrl-pepper] ENVIADO,JOINTS,pepper,1390,69500,20.0,55.0,-25.0,0
[ctrl-nao] ENVIADO,JOINTS,nao,1391,69550,-43.4,84.0,-21.3,0
[ctrl-1] ENVIADO,CTRL,1,1392,69602,-8,68,0
[ctrl-2] ENVIADO,CTRL,2,1318,69666,2,69,0
[ctrl-spot] ENVIADO,JOINTS,spot,1394,69700,15.8,-3.8,-7.9,0
[ctrl-3] ENVIADO,CTRL,3,1394,69700,-36,57,0
[ctrl-pepper] ENVIADO,JOINTS,pepper,1394,69701,20.0,55.0,-25.0,0
[ctrl-nao] ENVIADO,JOINTS,nao,1396,69800,-32.5,83.5,-23.5,0
[ctrl-1] ENVIADO,CTRL,1,1397,69852,-7,67,0
[ctrl-2] ENVIADO,CTRL,2,1323,69916,-9,66,0
[ctrl-3] ENVIADO,CTRL,3,1399,69952,-26,62,0
[ctrl-spot] ENVIADO,JOINTS,spot,1399,69954,17.4,-6.3,-6.4,0
[ctrl-pepper] ENVIADO,JOINTS,pepper,1399,69954,-37.7,36.3,26.3,0
[ctrl-1] ESTADO,ctrl-1,127.0.0.1,-40,1
[ctrl-1] RTT,1
[ctrl-3] ESTADO,ctrl-3,127.0.0.1,-40,1
[ctrl-spot] ESTADO,ctrl-spot,127.0.0.1,-40,1
[ctrl-3] RTT,0
[ctrl-spot] RTT,0
[ctrl-pepper] ESTADO,ctrl-pepper,127.0.0.1,-40,1
[ctrl-nao] ESTADO,ctrl-nao,127.0.0.1,-40,1
[ctrl-nao] ENVIADO,JOINTS,nao,1400,70002,-22.4,82.2,-25.1,0
[ctrl-pepper] RTT,1
[ctrl-nao] RTT,0
[esclava] ESTADO,esclava,127.0.0.1,-40,1
[ctrl-2] ESTADO,ctrl-2,127.0.0.1,-40,1
[ctrl-2] RTT,1
[ctrl-1] ENVIADO,CTRL,1,1402,70102,-14,68,0
[ctrl-2] ENVIADO,CTRL,2,1327,70116,-14,64,0
[ctrl-3] ENVIADO,CTRL,3,1403,70153,-24,60,0
[ctrl-pepper] ENVIADO,JOINTS,pepper,1403,70154,-45.8,41.8,24.9,0
[ctrl-spot] ENVIADO,JOINTS,spot,1404,70200,18.0,-8.5,-4.9,0
[ctrl-nao] ENVIADO,JOINTS,nao,1405,70250,-8.9,79.6,-26.7,0
[ctrl-1] ENVIADO,CTRL,1,1406,70303,-8,68,0
[ctrl-2] ENVIADO,CTRL,2,1332,70367,-20,65,0
[ctrl-pepper] ENVIADO,JOINTS,pepper,1408,70400,-53.5,48.6,22.9,0
[ctrl-3] ENVIADO,CTRL,3,1408,70400,-18,62,0
[ctrl-spot] ENVIADO,JOINTS,spot,1409,70450,17.6,-10.5,-3.3,0
[ctrl-nao] ENVIADO,JOINTS,nao,1410,70500,5.2,75.9,-28.0,0
[ctrl-1] ENVIADO,CTRL,1,1411,70552,-10,68,0
[ctrl-3] ENVIADO,CTRL,3,1412,70600,-10,66,0
[ctrl-pepper] ENVIADO,JOINTS,pepper,1412,70600,-57.6,54.0,21.2,0
[ctrl-2] ENVIADO,CTRL,2,1337,70616,-33,61,0
[ctrl-spot] ENVIADO,JOINTS,spot,1414,70700,16.3,-12.2,-1.7,0
[ctrl-nao] ENVIADO,JOINTS,nao,1414,70700,16.4,72.3,-28.9,0
[ctrl-1] ENVIADO,CTRL,1,1416,70802,-10,69,0
[ctrl-3] ENVIADO,CTRL,3,1417,70850,-9,69,0
[ctrl-pepper] ENVIADO,JOINTS,pepper,1417,70850,-59.9,60.5,18.7,0
[ctrl-2] ENVIADO,CTRL,2,1342,70866,-27,62,0
[ctrl-spot] ENVIADO,JOINTS,spot,1419,70951,14.1,-13.5,-0.0,0
[ctrl-nao] ENVIADO,JOINTS,nao,1419,70951,29.4,67.0,-29.6,0
[ctrl-1] ENVIADO,CTRL,1,1420,71002,-10,66,0
[ctrl-3] ENVIADO,CTRL,3,1421,71050,-11,67,0
[ctrl-pepper] ENVIADO,JOINTS,pepper,1421,71050,-59.4,65.4,16.6,0
[esclava] LEDS,OK,OK,OK,OK,OK,OK
[esclava] # [● placa/MQTT]  ● player-1  ● player-2  ● player-3  ● sim-spot  ● sim-pepper  ● sim-nao
[ctrl-2] ENVIADO,CTRL,2,1347,71116,-44,57,0
[ctrl-spot] ENVIADO,JOINTS,spot,1424,71200,11.1,-14.4,1.6,0
[ctrl-1] ENVIADO,CTRL,1,1424,71203,-9,66,0
[ctrl-nao] ENVIADO,JOINTS,nao,1424,71200,40.8,61.0,-30.0,0
[ctrl-3] ENVIADO,CTRL,3,1425,71250,-5,69,0
[ctrl-pepper] ENVIADO,JOINTS,pepper,1425,71253,-56.7,69.9,14.3,0
[ctrl-2] ENVIADO,CTRL,2,1351,71316,-52,52,0
[ctrl-spot] ENVIADO,JOINTS,spot,1428,71400,8.2,-14.9,2.9,0
[ctrl-nao] ENVIADO,JOINTS,nao,1429,71450,49.9,54.5,-30.0,0
[ctrl-1] ENVIADO,CTRL,1,1429,71452,-11,64,0
[ctrl-pepper] ENVIADO,JOINTS,pepper,1430,71500,-50.6,74.7,11.3,0
[ctrl-3] ENVIADO,CTRL,3,1430,71500,-7,69,0
[ctrl-2] ENVIADO,CTRL,2,1355,71516,-52,53,0
[ctrl-spot] ENVIADO,JOINTS,spot,1432,71605,5.0,-15.0,4.2,0
[ctrl-nao] ENVIADO,JOINTS,nao,1433,71650,55.3,49.1,-29.7,0
[ctrl-pepper] ENVIADO,JOINTS,pepper,1434,71700,-43.7,77.9,8.8,0
[ctrl-1] ENVIADO,CTRL,1,1434,71702,-8,66,0
[ctrl-3] ENVIADO,CTRL,3,1434,71701,-8,67,0
[ctrl-2] ENVIADO,CTRL,2,1359,71716,-53,53,0
[ctrl-spot] ENVIADO,JOINTS,spot,1437,71850,0.9,-14.8,5.7,0
[ctrl-1] ENVIADO,CTRL,1,1438,71902,-19,68,0
[ctrl-nao] ENVIADO,JOINTS,nao,1438,71901,59.2,42.2,-29.0,0
[ctrl-pepper] ENVIADO,JOINTS,pepper,1438,71901,-35.2,80.5,6.3,0
[ctrl-3] ENVIADO,CTRL,3,1438,71901,-7,69,0
[ctrl-2] ENVIADO,CTRL,2,1364,71966,-49,56,0
[ctrl-1] ESTADO,ctrl-1,127.0.0.1,-40,1
[ctrl-pepper] ESTADO,ctrl-pepper,127.0.0.1,-40,1
[ctrl-3] ESTADO,ctrl-3,127.0.0.1,-40,1
[ctrl-1] RTT,1
[ctrl-nao] ESTADO,ctrl-nao,127.0.0.1,-40,1
[ctrl-pepper] RTT,1
[ctrl-spot] ESTADO,ctrl-spot,127.0.0.1,-40,1
[ctrl-3] RTT,1
[ctrl-nao] RTT,1
[ctrl-spot] RTT,0
[esclava] ESTADO,esclava,127.0.0.1,-40,1
[ctrl-2] ESTADO,ctrl-2,127.0.0.1,-40,1
[ctrl-2] RTT,1
[ctrl-spot] ENVIADO,JOINTS,spot,1442,72100,-3.4,-14.1,7.2,1
[ctrl-pepper] ENVIADO,JOINTS,pepper,1443,72150,-22.9,82.8,3.0,1
[ctrl-1] ENVIADO,CTRL,1,1443,72153,-14,66,0
[ctrl-nao] ENVIADO,JOINTS,nao,1443,72150,59.8,35.4,-28.0,1
[ctrl-3] ENVIADO,CTRL,3,1443,72150,-6,67,0
[ctrl-2] ENVIADO,CTRL,2,1368,72166,-40,58,0
[ctrl-pepper] ENVIADO,JOINTS,pepper,1447,72350,-12.1,83.8,0.4,1
[ctrl-spot] ENVIADO,JOINTS,spot,1447,72350,-7.4,-13.0,8.6,1
[ctrl-3] ENVIADO,CTRL,3,1447,72351,-9,67,0
[ctrl-nao] ENVIADO,JOINTS,nao,1447,72351,58.0,30.1,-27.0,1
[ctrl-2] ENVIADO,CTRL,2,1372,72366,-29,63,0
[ctrl-1] ENVIADO,CTRL,1,1448,72402,-14,64,0
[ctrl-2] ENVIADO,CTRL,2,1376,72566,-21,66,0
[ctrl-spot] ENVIADO,JOINTS,spot,1452,72600,-11.0,-11.6,9.9,0
[ctrl-pepper] ENVIADO,JOINTS,pepper,1452,72600,1.9,83.9,-2.9,0
[ctrl-3] ENVIADO,CTRL,3,1452,72600,-10,69,0
[ctrl-1] ENVIADO,CTRL,1,1452,72602,-18,65,0
[ctrl-nao] ENVIADO,JOINTS,nao,1452,72600,52.8,23.8,-25.4,0
[ctrl-1] ENVIADO,CTRL,1,1456,72802,-21,64,0
[ctrl-spot] ENVIADO,JOINTS,spot,1456,72800,-13.5,-10.1,10.9,0
[ctrl-3] ENVIADO,CTRL,3,1456,72800,-12,65,0
[ctrl-pepper] ENVIADO,JOINTS,pepper,1456,72800,13.1,83.2,-5.5,0
[ctrl-2] ENVIADO,CTRL,2,1381,72816,-18,66,0
[ctrl-nao] ENVIADO,JOINTS,nao,1457,72850,44.7,18.2,-23.5,0
[ctrl-spot] ENVIADO,JOINTS,spot,1460,73000,-15.5,-8.5,11.7,0
[ctrl-1] ENVIADO,CTRL,1,1460,73002,-26,62,0
[ctrl-pepper] ENVIADO,JOINTS,pepper,1460,73000,23.9,81.7,-8.1,0
[ctrl-2] ENVIADO,CTRL,2,1385,73016,-10,66,0
[ctrl-3] ENVIADO,CTRL,3,1461,73050,-9,67,0
[ctrl-nao] ENVIADO,JOINTS,nao,1461,73050,36.3,14.2,-21.8,0
[esclava] LEDS,OK,OK,OK,OK,OK,OK
[esclava] # [● placa/MQTT]  ● player-1  ● player-2  ● player-3  ● sim-spot  ● sim-pepper  ● sim-nao
[ctrl-1] ENVIADO,CTRL,1,1464,73202,-25,61,0
[ctrl-spot] ENVIADO,JOINTS,spot,1464,73201,-16.9,-6.7,12.5,0
[ctrl-2] ENVIADO,CTRL,2,1389,73217,-9,69,0
[ctrl-pepper] ENVIADO,JOINTS,pepper,1465,73250,36.0,78.8,-11.2,0
[ctrl-3] ENVIADO,CTRL,3,1466,73300,-9,68,0
[ctrl-nao] ENVIADO,JOINTS,nao,1466,73300,24.2,10.1,-19.4,0
[ctrl-spot] ENVIADO,JOINTS,spot,1469,73450,-17.9,-4.3,13.3,0
[ctrl-pepper] ENVIADO,JOINTS,pepper,1469,73450,44.4,75.8,-13.6,0
[ctrl-1] ENVIADO,CTRL,1,1469,73452,-27,62,0
[ctrl-2] ENVIADO,CTRL,2,1394,73466,-10,68,0
[ctrl-3] ENVIADO,CTRL,3,1470,73500,-7,68,0
[ctrl-nao] ENVIADO,JOINTS,nao,1471,73550,10.7,6.9,-16.7,0
[ctrl-spot] ENVIADO,JOINTS,spot,1473,73650,-17.9,-2.3,13.9,0
[ctrl-1] ENVIADO,CTRL,1,1473,73652,-25,63,0
[ctrl-2] ENVIADO,CTRL,2,1398,73666,-8,63,0
[ctrl-3] ENVIADO,CTRL,3,1474,73705,-11,67,0
[ctrl-pepper] ENVIADO,JOINTS,pepper,1474,73705,52.7,71.1,-16.5,0
[ctrl-nao] ENVIADO,JOINTS,nao,1476,73805,-3.6,4.9,-13.9,0
[ctrl-spot] ENVIADO,JOINTS,spot,1477,73853,-17.4,-0.2,14.3,0
[ctrl-1] ENVIADO,CTRL,1,1478,73902,-25,61,0
[ctrl-3] ENVIADO,CTRL,3,1478,73905,-14,66,0
[ctrl-2] ENVIADO,CTRL,2,1403,73916,-7,69,0
[ctrl-pepper] ENVIADO,JOINTS,pepper,1479,73950,57.9,65.7,-19.1,0
[ctrl-1] ESTADO,ctrl-1,127.0.0.1,-40,1
[ctrl-pepper] ESTADO,ctrl-pepper,127.0.0.1,-40,1
[ctrl-spot] ESTADO,ctrl-spot,127.0.0.1,-40,1
[ctrl-pepper] RTT,0
[ctrl-nao] ESTADO,ctrl-nao,127.0.0.1,-40,1
[ctrl-3] ESTADO,ctrl-3,127.0.0.1,-40,1
[ctrl-spot] RTT,1
[ctrl-3] RTT,0
[ctrl-nao] RTT,1
[ctrl-1] RTT,2
[ctrl-2] ESTADO,ctrl-2,127.0.0.1,-40,1
[ctrl-2] RTT,0
[esclava] ESTADO,esclava,127.0.0.1,-40,1
[ctrl-nao] ENVIADO,JOINTS,nao,1481,74050,30.0,60.0,20.0,0
[ctrl-1] ENVIADO,CTRL,1,1482,74103,-22,63,0
[ctrl-spot] ENVIADO,JOINTS,spot,1482,74100,-15.8,2.3,14.7,0
[ctrl-3] ENVIADO,CTRL,3,1483,74151,-12,66,0
[ctrl-pepper] ENVIADO,JOINTS,pepper,1483,74153,59.8,60.8,-21.1,0
[ctrl-2] ENVIADO,CTRL,2,1408,74166,-5,67,0
[ctrl-nao] ENVIADO,JOINTS,nao,1485,74250,30.0,60.0,20.0,0
[ctrl-1] ENVIADO,CTRL,1,1487,74352,-17,63,0
[ctrl-spot] ENVIADO,JOINTS,spot,1487,74350,-13.3,4.9,15.0,0
[ctrl-3] ENVIADO,CTRL,3,1488,74400,-13,67,0
[ctrl-pepper] ENVIADO,JOINTS,pepper,1488,74400,59.3,54.4,-23.3,0
[ctrl-2] ENVIADO,CTRL,2,1413,74416,-4,69,0
[ctrl-nao] ENVIADO,JOINTS,nao,1490,74500,30.0,60.0,20.0,0
[ctrl-spot] ENVIADO,JOINTS,spot,1491,74550,-10.8,6.8,15.0,0
[ctrl-1] ENVIADO,CTRL,1,1491,74552,-13,68,0
[ctrl-pepper] ENVIADO,JOINTS,pepper,1492,74600,56.4,49.0,-24.9,0
[ctrl-3] ENVIADO,CTRL,3,1492,74600,-20,63,0
[ctrl-2] ENVIADO,CTRL,2,1417,74616,-12,65,0
[ctrl-nao] ENVIADO,JOINTS,nao,1495,74750,30.0,60.0,20.0,0
[ctrl-spot] ENVIADO,JOINTS,spot,1496,74800,-7.2,9.0,14.9,0
[ctrl-1] ENVIADO,CTRL,1,1496,74802,-3,69,0
[ctrl-pepper] ENVIADO,JOINTS,pepper,1497,74850,50.1,42.1,-26.5,0
[ctrl-3] ENVIADO,CTRL,3,1497,74850,-19,68,0
[ctrl-2] ENVIADO,CTRL,2,1422,74866,-12,65,0
[ctrl-nao] ENVIADO,JOINTS,nao,1499,74950,30.0,60.0,20.0,0
[ctrl-1] ENVIADO,CTRL,1,1500,75002,3,70,0
[ctrl-spot] ENVIADO,JOINTS,spot,1500,75000,-3.9,10.5,14.7,0
[ctrl-pepper] ENVIADO,JOINTS,pepper,1501,75050,43.0,36.6,-27.7,0
[ctrl-2] ENVIADO,CTRL,2,1426,75066,-10,68,0
[esclava] LEDS,OK,OK,OK,OK,OK,OK
[esclava] # [● placa/MQTT]  ● player-1  ● player-2  ● player-3  ● sim-spot  ● sim-pepper  ● sim-nao
[ctrl-3] ENVIADO,CTRL,3,1502,75100,-27,60,0
[ctrl-nao] ENVIADO,JOINTS,nao,1504,75200,30.0,60.0,20.0,0
[ctrl-1] ENVIADO,CTRL,1,1504,75202,22,64,0
[ctrl-spot] ENVIADO,JOINTS,spot,1505,75250,0.3,12.2,14.2,0
[ctrl-2] ENVIADO,CTRL,2,1430,75266,-12,66,0
[ctrl-pepper] ENVIADO,JOINTS,pepper,1506,75300,32.1,29.9,-28.8,0
[ctrl-3] ENVIADO,CTRL,3,1506,75300,-29,62,0
[ctrl-nao] ENVIADO,JOINTS,nao,1509,75450,30.0,60.0,20.0,0
[ctrl-spot] ENVIADO,JOINTS,spot,1509,75450,3.6,13.3,13.8,0
[ctrl-1] ENVIADO,CTRL,1,1509,75452,30,63,0
[ctrl-pepper] ENVIADO,JOINTS,pepper,1510,75500,22.1,24.9,-29.4,0
[ctrl-3] ENVIADO,CTRL,3,1510,75500,-23,63,0
[ctrl-2] ENVIADO,CTRL,2,1435,75516,-12,69,0
[ctrl-nao] ENVIADO,JOINTS,nao,1513,75650,30.0,60.0,20.0,0
[ctrl-spot] ENVIADO,JOINTS,spot,1514,75700,7.6,14.3,13.0,0
[ctrl-1] ENVIADO,CTRL,1,1514,75702,38,58,0
[ctrl-2] ENVIADO,CTRL,2,1439,75716,-6,66,0
[ctrl-pepper] ENVIADO,JOINTS,pepper,1515,75750,8.4,19.1,-29.9,0
[ctrl-3] ENVIADO,CTRL,3,1515,75750,-25,61,0
[ctrl-nao] ENVIADO,JOINTS,nao,1518,75900,30.0,60.0,20.0,0
[ctrl-spot] ENVIADO,JOINTS,spot,1518,75900,10.6,14.8,12.3,0
[ctrl-2] ENVIADO,CTRL,2,1443,75916,-13,70,0
[ctrl-pepper] ENVIADO,JOINTS,pepper,1519,75950,-2.9,15.1,-30.0,0
[ctrl-1] ENVIADO,CTRL,1,1519,75952,48,51,0
[ctrl-3] ENVIADO,CTRL,3,1519,75951,-27,63,0
[ctrl-1] ESTADO,ctrl-1,127.0.0.1,-40,1
[ctrl-nao] ESTADO,ctrl-nao,127.0.0.1,-40,1
[ctrl-pepper] ESTADO,ctrl-pepper,127.0.0.1,-40,1
[ctrl-3] ESTADO,ctrl-3,127.0.0.1,-40,1
[ctrl-spot] ESTADO,ctrl-spot,127.0.0.1,-40,1
[ctrl-spot] RTT,0
[ctrl-nao] RTT,0
[ctrl-1] RTT,1
[ctrl-3] RTT,1
[ctrl-pepper] RTT,0
[ctrl-2] ESTADO,ctrl-2,127.0.0.1,-40,1
[ctrl-2] RTT,0
[esclava] ESTADO,esclava,127.0.0.1,-40,1
[ctrl-2] ENVIADO,CTRL,2,1447,76116,-16,67,0
[ctrl-1] ENVIADO,CTRL,1,1523,76153,54,50,0
[ctrl-nao] ENVIADO,JOINTS,nao,1523,76151,30.0,60.0,20.0,0
[ctrl-spot] ENVIADO,JOINTS,spot,1523,76152,13.7,15.0,11.3,0
[ctrl-3] ENVIADO,CTRL,3,1524,76201,-24,61,0
[ctrl-pepper] ENVIADO,JOINTS,pepper,1524,76201,-16.8,10.7,-29.8,0
[ctrl-2] ENVIADO,CTRL,2,1452,76366,-6,66,0
[ctrl-spot] ENVIADO,JOINTS,spot,1528,76400,16.0,14.8,10.2,0
[ctrl-nao] ENVIADO,JOINTS,nao,1528,76400,30.0,60.0,20.0,0
[ctrl-1] ENVIADO,CTRL,1,1528,76403,55,50,0
[ctrl-pepper] ENVIADO,JOINTS,pepper,1529,76450,-29.8,7.4,-29.3,0
[ctrl-3] ENVIADO,CTRL,3,1529,76450,-18,65,0
[ctrl-spot] ENVIADO,JOINTS,spot,1532,76600,17.3,14.3,9.2,0
[ctrl-2] ENVIADO,CTRL,2,1457,76616,-14,67,0
[ctrl-nao] ENVIADO,JOINTS,nao,1533,76650,30.0,60.0,20.0,0
[ctrl-1] ENVIADO,CTRL,1,1533,76652,48,57,0
[ctrl-3] ENVIADO,CTRL,3,1533,76650,-10,68,0
[ctrl-pepper] ENVIADO,JOINTS,pepper,1534,76700,-41.1,5.2,-28.4,0
[ctrl-spot] ENVIADO,JOINTS,spot,1536,76800,17.9,13.5,8.1,0
[ctrl-1] ENVIADO,CTRL,1,1537,76852,38,60,0
[ctrl-nao] ENVIADO,JOINTS,nao,1537,76850,30.0,60.0,20.0,0
[ctrl-2] ENVIADO,CTRL,2,1462,76866,-13,69,0
[ctrl-pepper] ENVIADO,JOINTS,pepper,1538,76900,-48.6,4.2,-27.4,0
[ctrl-3] ENVIADO,CTRL,3,1538,76900,0,69,0
[ctrl-1] ENVIADO,CTRL,1,1541,77052,29,61,0
[ctrl-spot] ENVIADO,JOINTS,spot,1541,77053,17.8,12.1,6.7,0
[ctrl-nao] ENVIADO,JOINTS,nao,1541,77053,30.0,60.0,20.0,0
[esclava] LEDS,OK,OK,OK,OK,OK,OK
[esclava] # [● placa/MQTT]  ● player-1  ● player-2  ● player-3  ● sim-spot  ● sim-pepper  ● sim-nao
[ctrl-3] ENVIADO,CTRL,3,1542,77100,7,69,0
[ctrl-2] ENVIADO,CTRL,2,1467,77116,-18,63,0
[ctrl-pepper] ENVIADO,JOINTS,pepper,1543,77150,-55.4,4.1,-25.9,0
[ctrl-nao] ENVIADO,JOINTS,nao,1545,77253,30.0,60.0,20.0,0
[ctrl-spot] ENVIADO,JOINTS,spot,1545,77253,17.0,10.8,5.5,0
[ctrl-1] ENVIADO,CTRL,1,1546,77302,23,61,0
[ctrl-2] ENVIADO,CTRL,2,1471,77316,-16,63,0
[ctrl-pepper] ENVIADO,JOINTS,pepper,1547,77350,-58.8,4.8,-24.5,0
[ctrl-3] ENVIADO,CTRL,3,1547,77350,34,59,0
[ctrl-spot] ENVIADO,JOINTS,spot,1550,77500,15.2,8.9,3.9,0
[ctrl-nao] ENVIADO,JOINTS,nao,1550,77500,30.0,60.0,20.0,0
[ctrl-1] ENVIADO,CTRL,1,1550,77502,24,64,0
[ctrl-pepper] ENVIADO,JOINTS,pepper,1551,77551,-60.0,6.4,-22.9,0
[ctrl-3] ENVIADO,CTRL,3,1551,77551,30,62,0
[ctrl-2] ENVIADO,CTRL,2,1476,77566,-18,65,0
[ctrl-spot] ENVIADO,JOINTS,spot,1554,77700,13.1,7.1,2.6,0
[ctrl-3] ENVIADO,CTRL,3,1555,77753,38,61,0
[ctrl-1] ENVIADO,CTRL,1,1555,77755,29,62,0
[ctrl-pepper] ENVIADO,JOINTS,pepper,1555,77753,-59.1,8.6,-21.1,0
[ctrl-nao] ENVIADO,JOINTS,nao,1555,77753,30.0,60.0,20.0,0
[ctrl-2] ENVIADO,CTRL,2,1481,77816,-22,64,0
[ctrl-spot] ENVIADO,JOINTS,spot,1559,77950,9.9,4.8,1.0,0
[ctrl-1] ESTADO,ctrl-1,127.0.0.1,-40,1
[ctrl-spot] ESTADO,ctrl-spot,127.0.0.1,-40,1
[ctrl-pepper] ESTADO,ctrl-pepper,127.0.0.1,-40,1
[ctrl-nao] ESTADO,ctrl-nao,127.0.0.1,-40,1
[ctrl-spot] RTT,0
[ctrl-3] ESTADO,ctrl-3,127.0.0.1,-40,1
[ctrl-3] ENVIADO,CTRL,3,1560,78000,47,57,0
[ctrl-3] RTT,0
[ctrl-nao] ENVIADO,JOINTS,nao,1560,78000,30.0,60.0,20.0,0
[ctrl-nao] RTT,0
[ctrl-1] ENVIADO,CTRL,1,1560,78002,25,63,0
[ctrl-1] RTT,1
[esclava] ESTADO,esclava,127.0.0.1,-40,1
[ctrl-pepper] ENVIADO,JOINTS,pepper,1560,78000,-55.1,12.3,-18.6,0
[ctrl-pepper] RTT,1
[ctrl-2] ESTADO,ctrl-2,127.0.0.1,-40,1
[ctrl-2] RTT,0
[ctrl-2] ENVIADO,CTRL,2,1486,78066,-23,60,0
[ctrl-spot] ENVIADO,JOINTS,spot,1564,78200,6.1,2.3,-0.7,0
[ctrl-pepper] ENVIADO,JOINTS,pepper,1564,78200,-49.6,15.9,-16.5,0
[ctrl-nao] ENVIADO,JOINTS,nao,1564,78200,30.0,60.0,20.0,0
[ctrl-3] ENVIADO,CTRL,3,1565,78250,54,54,0
[ctrl-1] ENVIADO,CTRL,1,1565,78252,23,63,0
[ctrl-2] ENVIADO,CTRL,2,1490,78266,-22,64,0
[ctrl-pepper] ENVIADO,JOINTS,pepper,1568,78401,-42.4,20.2,-14.2,0
[ctrl-spot] ENVIADO,JOINTS,spot,1568,78401,2.8,0.2,-2.0,0
[ctrl-nao] ENVIADO,JOINTS,nao,1568,78401,30.0,60.0,20.0,0
[ctrl-1] ENVIADO,CTRL,1,1569,78453,21,63,0
[ctrl-2] ENVIADO,CTRL,2,1494,78466,-24,59,0
[ctrl-3] ENVIADO,CTRL,3,1570,78500,57,54,0
[ctrl-spot] ENVIADO,JOINTS,spot,1572,78605,-0.6,-1.9,-3.3,0
[ctrl-nao] ENVIADO,JOINTS,nao,1572,78605,30.0,60.0,20.0,0
[ctrl-pepper] ENVIADO,JOINTS,pepper,1573,78650,-31.3,26.0,-11.2,0
[ctrl-1] ENVIADO,CTRL,1,1574,78702,15,64,0
[ctrl-3] ENVIADO,CTRL,3,1574,78700,45,54,0
[ctrl-2] ENVIADO,CTRL,2,1499,78716,-21,65,0
[ctrl-spot] ENVIADO,JOINTS,spot,1577,78850,-4.7,-4.4,-4.9,0
[ctrl-pepper] ENVIADO,JOINTS,pepper,1577,78853,-21.0,31.2,-8.7,0
[ctrl-3] ENVIADO,CTRL,3,1579,78950,35,60,0
[ctrl-1] ENVIADO,CTRL,1,1579,78952,8,64,0
[ctrl-2] ENVIADO,CTRL,2,1504,78966,-17,64,0
[ctrl-spot] ENVIADO,JOINTS,spot,1582,79100,-8.7,-6.8,-6.4,0
[ctrl-pepper] ENVIADO,JOINTS,pepper,1582,79100,-7.5,37.8,-5.6,0
[esclava] LEDS,OK,OK,OK,OK,OK,OK
[esclava] # [● placa/MQTT]  ● player-1  ● player-2  ● player-3  ● sim-spot  ● sim-pepper  ● sim-nao
[ctrl-3] ENVIADO,CTRL,3,1583,79150,24,62,0
[ctrl-1] ENVIADO,CTRL,1,1583,79153,8,66,0
[ctrl-2] ENVIADO,CTRL,2,1508,79166,-11,68,0
[ctrl-spot] ENVIADO,JOINTS,spot,1586,79300,-11.5,-8.6,-7.6,0
[ctrl-pepper] ENVIADO,JOINTS,pepper,1587,79350,6.6,44.7,-2.3,0
[ctrl-1] ENVIADO,CTRL,1,1588,79403,2,70,0
[ctrl-3] ENVIADO,CTRL,3,1588,79400,25,63,0
[ctrl-2] ENVIADO,CTRL,2,1513,79416,2,69,0
[ctrl-spot] ENVIADO,JOINTS,spot,1590,79502,-13.9,-10.2,-8.7,0
[ctrl-pepper] ENVIADO,JOINTS,pepper,1592,79600,20.4,51.6,1.0,0
[ctrl-3] ENVIADO,CTRL,3,1592,79600,30,61,0
[ctrl-2] ENVIADO,CTRL,2,1517,79616,17,67,0
[ctrl-1] ENVIADO,CTRL,1,1593,79653,-7,67,0
[ctrl-spot] ENVIADO,JOINTS,spot,1595,79750,-16.2,-11.9,-10.0,0
[ctrl-2] ENVIADO,CTRL,2,1521,79816,30,61,0
[ctrl-pepper] ENVIADO,JOINTS,pepper,1597,79851,33.0,58.2,4.3,0
[ctrl-3] ENVIADO,CTRL,3,1597,79851,24,60,0
[ctrl-1] ENVIADO,CTRL,1,1598,79902,-11,65,0
[ctrl-spot] ENVIADO,JOINTS,spot,1599,79950,-17.4,-13.1,-10.9,0
[ctrl-1] ESTADO,ctrl-1,127.0.0.1,-40,1
[ctrl-spot] ESTADO,ctrl-spot,127.0.0.1,-40,1
[ctrl-pepper] ESTADO,ctrl-pepper,127.0.0.1,-40,1
[ctrl-pepper] RTT,0
[ctrl-3] ESTADO,ctrl-3,127.0.0.1,-40,1
[ctrl-1] RTT,1
[ctrl-spot] RTT,1
[ctrl-3] RTT,1
[ctrl-nao] ESTADO,ctrl-nao,127.0.0.1,-40,1
[ctrl-nao] RTT,1
[esclava] ESTADO,esclava,127.0.0.1,-40,1
[ctrl-2] ESTADO,ctrl-2,127.0.0.1,-40,1
[ctrl-2] RTT,0
[ctrl-2] ENVIADO,CTRL,2,1526,80067,31,60,0
[ctrl-pepper] ENVIADO,JOINTS,pepper,1602,80100,43.8,64.4,7.5,0
[ctrl-3] ENVIADO,CTRL,3,1602,80100,22,63,0
[ctrl-spot] ENVIADO,JOINTS,spot,1603,80150,-17.9,-14.0,-11.8,0
[ctrl-1] ENVIADO,CTRL,1,1603,80152,-24,64,0
[ctrl-3] ENVIADO,CTRL,3,1606,80301,20,61,0
[ctrl-pepper] ENVIADO,JOINTS,pepper,1606,80301,50.7,69.0,10.1,0
[ctrl-2] ENVIADO,CTRL,2,1531,80316,45,55,0
[ctrl-1] ENVIADO,CTRL,1,1607,80352,-32,61,0
[ctrl-spot] ENVIADO,JOINTS,spot,1608,80400,-17.8,-14.7,-12.7,0
[ctrl-2] ENVIADO,CTRL,2,1535,80516,51,52,0
[ctrl-3] ENVIADO,CTRL,3,1611,80550,15,67,0
[ctrl-pepper] ENVIADO,JOINTS,pepper,1611,80550,56.8,74.0,13.1,0
[ctrl-spot] ENVIADO,JOINTS,spot,1612,80600,-16.9,-15.0,-13.4,0
[ctrl-1] ENVIADO,CTRL,1,1612,80602,-30,60,0
[ctrl-2] ENVIADO,CTRL,2,1540,80769,60,52,0
[ctrl-3] ENVIADO,CTRL,3,1616,80800,13,63,0
[ctrl-spot] ENVIADO,JOINTS,spot,1616,80800,-15.5,-15.0,-13.9,0
[ctrl-pepper] ENVIADO,JOINTS,pepper,1616,80800,59.7,78.1,16.0,0
[ctrl-1] ENVIADO,CTRL,1,1617,80852,-33,59,0
[ctrl-3] ENVIADO,CTRL,3,1620,81000,9,67,0
[ctrl-2] ENVIADO,CTRL,2,1545,81016,55,54,0
[ctrl-spot] ENVIADO,JOINTS,spot,1621,81050,-12.9,-14.5,-14.4,0
[ctrl-pepper] ENVIADO,JOINTS,pepper,1621,81050,59.4,81.2,18.7,0
[ctrl-1] ENVIADO,CTRL,1,1622,81102,-43,55,0
[esclava] LEDS,OK,OK,OK,OK,OK,OK
[esclava] # [● placa/MQTT]  ● player-1  ● player-2  ● player-3  ● sim-spot  ● sim-pepper  ● sim-nao
[ctrl-spot] ENVIADO,JOINTS,spot,1625,81250,-10.4,-13.9,-14.7,0
[ctrl-pepper] ENVIADO,JOINTS,pepper,1625,81250,56.8,82.8,20.7,0
[ctrl-3] ENVIADO,CTRL,3,1625,81250,4,71,0
[ctrl-2] ENVIADO,CTRL,2,1550,81269,36,59,0
[ctrl-1] ENVIADO,CTRL,1,1627,81352,-48,57,0
[ctrl-3] ENVIADO,CTRL,3,1629,81450,0,69,0
[ctrl-spot] ENVIADO,JOINTS,spot,1629,81450,-7.4,-13.0,-14.9,0
[ctrl-pepper] ENVIADO,JOINTS,pepper,1630,81500,50.6,83.9,22.9,0
[ctrl-2] ENVIADO,CTRL,2,1555,81516,28,62,0
[ctrl-1] ENVIADO,CTRL,1,1631,81552,-52,53,0
[ctrl-spot] ENVIADO,JOINTS,spot,1633,81650,-4.2,-11.8,-15.0,0
[ctrl-3] ENVIADO,CTRL,3,1634,81700,-9,66,0
[ctrl-pepper] ENVIADO,JOINTS,pepper,1635,81750,41.7,83.8,24.9,0
[ctrl-2] ENVIADO,CTRL,2,1560,81769,23,62,0
[ctrl-1] ENVIADO,CTRL,1,1636,81802,-48,52,0
[ctrl-spot] ENVIADO,JOINTS,spot,1638,81900,-0.0,-10.1,-14.9,0
[ctrl-3] ENVIADO,CTRL,3,1639,81950,-20,64,0
[ctrl-pepper] ENVIADO,JOINTS,pepper,1639,81951,32.9,82.8,26.3,0
[ctrl-1] ESTADO,ctrl-1,127.0.0.1,-40,1
[ctrl-spot] ESTADO,ctrl-spot,127.0.0.1,-40,1
[ctrl-spot] RTT,1
[ctrl-1] RTT,2
[ctrl-3] ESTADO,ctrl-3,127.0.0.1,-40,1
[ctrl-pepper] ESTADO,ctrl-pepper,127.0.0.1,-40,1
[ctrl-3] RTT,0
[ctrl-pepper] RTT,0
[ctrl-nao] ESTADO,ctrl-nao,127.0.0.1,-40,1
[ctrl-nao] RTT,0
[esclava] ESTADO,esclava,127.0.0.1,-40,1
[ctrl-2] ESTADO,ctrl-2,127.0.0.1,-40,1
[ctrl-2] ENVIADO,CTRL,2,1565,82016,31,59,0
[ctrl-2] RTT,0
[ctrl-1] ENVIADO,CTRL,1,1641,82053,-42,53,0
[ctrl-spot] ENVIADO,JOINTS,spot,1642,82100,3.4,-8.4,-14.7,0
[ctrl-pepper] ENVIADO,JOINTS,pepper,1643,82151,22.9,81.1,27.5,0
[ctrl-3] ENVIADO,CTRL,3,1644,82204,-24,58,0
[ctrl-2] ENVIADO,CTRL,2,1569,82216,32,60,0
[ctrl-1] ENVIADO,CTRL,1,1646,82302,-33,58,0
[ctrl-spot] ENVIADO,JOINTS,spot,1647,82350,7.4,-6.2,-14.3,0
[ctrl-pepper] ENVIADO,JOINTS,pepper,1648,82400,9.3,78.0,28.6,0
[ctrl-2] ENVIADO,CTRL,2,1573,82416,23,63,0
[ctrl-3] ENVIADO,CTRL,3,1649,82451,-33,62,0
[ctrl-nao] ENVIADO,JOINTS,nao,1577,82515,-54.9,8.4,-6.2,0
[ctrl-1] ENVIADO,CTRL,1,1651,82553,-24,62,0
[ctrl-spot] ENVIADO,JOINTS,spot,1652,82600,11.0,-3.7,-13.8,0
[ctrl-pepper] ENVIADO,JOINTS,pepper,1653,82650,-4.7,73.9,29.4,0
[ctrl-2] ENVIADO,CTRL,2,1578,82667,20,65,0
[ctrl-3] ENVIADO,CTRL,3,1654,82700,-35,59,0
[ctrl-nao] ENVIADO,JOINTS,nao,1582,82764,-47.7,5.8,-9.4,0
[ctrl-spot] ENVIADO,JOINTS,spot,1656,82800,13.5,-1.7,-13.2,0
[ctrl-1] ENVIADO,CTRL,1,1656,82803,-16,63,0
[ctrl-pepper] ENVIADO,JOINTS,pepper,1657,82850,-15.9,69.9,29.8,0
[ctrl-2] ENVIADO,CTRL,2,1583,82916,16,64,0
[ctrl-3] ENVIADO,CTRL,3,1659,82950,-34,58,0
[ctrl-nao] ENVIADO,JOINTS,nao,1587,83014,-37.9,4.3,-12.5,0
[ctrl-1] ENVIADO,CTRL,1,1661,83053,-17,62,0
[ctrl-spot] ENVIADO,JOINTS,spot,1661,83050,15.9,0.9,-12.3,0
[ctrl-pepper] ENVIADO,JOINTS,pepper,1661,83053,-26.6,65.4,30.0,0
[esclava] LEDS,OK,OK,OK,OK,OK,OK
[esclava] # [● placa/MQTT]  ● player-1  ● player-2  ● player-3  ● sim-spot  ● sim-pepper  ● sim-nao
[ctrl-3] ENVIADO,CTRL,3,1663,83152,-47,57,0
[ctrl-2] ENVIADO,CTRL,2,1588,83166,12,66,0
[ctrl-nao] ENVIADO,JOINTS,nao,1592,83264,-26.0,4.0,-15.4,0
[ctrl-pepper] ENVIADO,JOINTS,pepper,1666,83300,-38.3,59.4,29.9,0
[ctrl-1] ENVIADO,CTRL,1,1666,83304,-15,63,0
[ctrl-spot] ENVIADO,JOINTS,spot,1666,83302,17.4,3.5,-11.3,0
[ctrl-3] ENVIADO,CTRL,3,1668,83400,-48,53,0
[ctrl-2] ENVIADO,CTRL,2,1593,83416,10,68,0
[ctrl-nao] ENVIADO,JOINTS,nao,1596,83464,-15.5,4.7,-17.6,0
[ctrl-pepper] ENVIADO,JOINTS,pepper,1670,83500,-46.3,54.1,29.5,0
[ctrl-1] ENVIADO,CTRL,1,1671,83552,-14,64,0
[ctrl-spot] ENVIADO,JOINTS,spot,1671,83550,18.0,5.9,-10.2,0
[ctrl-3] ENVIADO,CTRL,3,1672,83600,-51,53,0
[ctrl-2] ENVIADO,CTRL,2,1597,83616,7,70,0
[ctrl-nao] ENVIADO,JOINTS,nao,1601,83714,-1.5,6.5,-20.1,0
[ctrl-pepper] ENVIADO,JOINTS,pepper,1675,83753,-54.0,47.3,28.8,0
[ctrl-spot] ENVIADO,JOINTS,spot,1676,83800,17.6,8.2,-8.9,0
[ctrl-3] ENVIADO,CTRL,3,1676,83800,-52,54,0
[ctrl-1] ENVIADO,CTRL,1,1676,83802,-13,64,0
[ctrl-2] ENVIADO,CTRL,2,1602,83866,0,68,0
[ctrl-nao] ENVIADO,JOINTS,nao,1606,83967,12.7,9.5,-22.5,0
[ctrl-1] ESTADO,ctrl-1,127.0.0.1,-40,1
[ctrl-3] ESTADO,ctrl-3,127.0.0.1,-40,1
[ctrl-spot] ESTADO,ctrl-spot,127.0.0.1,-40,1
[ctrl-3] RTT,0
[ctrl-1] ENVIADO,CTRL,1,1680,84002,-12,65,0
[ctrl-1] RTT,1
[ctrl-pepper] ESTADO,ctrl-pepper,127.0.0.1,-40,1
[ctrl-spot] RTT,0
[ctrl-pepper] ENVIADO,JOINTS,pepper,1680,84000,-58.6,40.4,27.7,1
[ctrl-pepper] RTT,0
[ctrl-nao] ESTADO,ctrl-nao,127.0.0.1,-40,1
[ctrl-nao] RTT,1
[ctrl-2] ESTADO,ctrl-2,127.0.0.1,-40,1
[ctrl-2] RTT,0
[esclava] ESTADO,esclava,127.0.0.1,-40,1
[ctrl-spot] ENVIADO,JOINTS,spot,1681,84050,16.2,10.2,-7.5,1
[ctrl-3] ENVIADO,CTRL,3,1681,84050,-43,58,0
[ctrl-2] ENVIADO,CTRL,2,1606,84066,-14,70,0
[ctrl-nao] ENVIADO,JOINTS,nao,1611,84214,25.9,13.4,-24.5,1
[ctrl-spot] ENVIADO,JOINTS,spot,1685,84250,14.4,11.6,-6.3,1
[ctrl-3] ENVIADO,CTRL,3,1685,84250,-37,55,0
[ctrl-1] ENVIADO,CTRL,1,1685,84252,-11,64,0
[ctrl-pepper] ENVIADO,JOINTS,pepper,1685,84251,-60.0,33.6,26.2,1
[ctrl-2] ENVIADO,CTRL,2,1611,84316,-19,65,0
[ctrl-3] ENVIADO,CTRL,3,1689,84450,-27,61,0
[ctrl-spot] ENVIADO,JOINTS,spot,1689,84450,12.1,12.8,-5.1,1
[ctrl-1] ENVIADO,CTRL,1,1689,84453,-15,69,0
[ctrl-nao] ENVIADO,JOINTS,nao,1616,84464,37.8,18.3,-26.3,1
[ctrl-pepper] ENVIADO,JOINTS,pepper,1690,84500,-58.1,27.1,24.4,0
[ctrl-2] ENVIADO,CTRL,2,1616,84566,-19,63,0
[ctrl-3] ENVIADO,CTRL,3,1693,84651,-17,64,0
[ctrl-1] ENVIADO,CTRL,1,1693,84655,-15,64,0
[ctrl-spot] ENVIADO,JOINTS,spot,1693,84652,9.4,13.8,-3.9,0
[ctrl-nao] ENVIADO,JOINTS,nao,1621,84717,47.7,24.1,-27.7,0
[ctrl-pepper] ENVIADO,JOINTS,pepper,1695,84751,-53.0,21.1,22.4,0
[ctrl-2] ENVIADO,CTRL,2,1620,84767,-23,61,0
[ctrl-3] ENVIADO,CTRL,3,1697,84853,-17,65,0
[ctrl-spot] ENVIADO,JOINTS,spot,1697,84855,6.3,14.5,-2.5,0
[ctrl-1] ENVIADO,CTRL,1,1698,84902,-14,62,0
[ctrl-nao] ENVIADO,JOINTS,nao,1625,84920,53.8,29.1,-28.6,0
[ctrl-pepper] ENVIADO,JOINTS,pepper,1700,85000,-45.0,15.9,20.1,0
[ctrl-2] ENVIADO,CTRL,2,1625,85016,-37,61,0
[ctrl-spot] ENVIADO,JOINTS,spot,1702,85100,2.3,14.9,-0.9,0
[ctrl-3] ENVIADO,CTRL,3,1702,85100,-19,68,0
[ctrl-nao] ENVIADO,JOINTS,nao,1629,85121,57.8,34.4,-29.3,0
[ctrl-1] ENVIADO,CTRL,1,1703,85154,-14,63,0
[esclava] LEDS,OK,OK,OK,OK,OK,OK
[esclava] # [● placa/MQTT]  ● player-1  ● player-2  ● player-3  ● sim-spot  ● sim-pepper  ● sim-nao
[ctrl-pepper] ENVIADO,JOINTS,pepper,1705,85252,-34.4,11.3,17.5,0
[ctrl-2] ENVIADO,CTRL,2,1630,85268,-46,57,0
[ctrl-3] ENVIADO,CTRL,3,1706,85305,-13,65,0
[ctrl-spot] ENVIADO,JOINTS,spot,1707,85350,-1.9,15.0,0.7,0
[ctrl-nao] ENVIADO,JOINTS,nao,1634,85371,60.0,41.2,-29.8,0
[ctrl-1] ENVIADO,CTRL,1,1708,85405,-10,65,0
[ctrl-pepper] ENVIADO,JOINTS,pepper,1710,85500,-22.0,7.9,14.7,0
[ctrl-2] ENVIADO,CTRL,2,1635,85516,-49,56,0
[ctrl-3] ENVIADO,CTRL,3,1711,85573,-12,67,0
[ctrl-spot] ENVIADO,JOINTS,spot,1712,85607,-6.2,14.5,2.4,0
[ctrl-nao] ENVIADO,JOINTS,nao,1639,85614,58.9,47.9,-30.0,0
[ctrl-1] ENVIADO,CTRL,1,1713,85652,-20,65,0
[ctrl-pepper] ENVIADO,JOINTS,pepper,1714,85702,-11.1,5.8,12.3,0
[ctrl-2] ENVIADO,CTRL,2,1640,85767,-49,55,0
[ctrl-3] ENVIADO,CTRL,3,1716,85800,-17,65,0
[ctrl-spot] ENVIADO,JOINTS,spot,1717,85850,-9.9,13.7,4.0,0
[ctrl-1] ENVIADO,CTRL,1,1717,85854,-14,67,0
[ctrl-nao] ENVIADO,JOINTS,nao,1644,85864,54.5,54.7,-29.8,0
[ctrl-pepper] ENVIADO,JOINTS,pepper,1719,85950,2.9,4.4,9.3,0
[ctrl-3] ESTADO,ctrl-3,127.0.0.1,-40,1
[ctrl-spot] ESTADO,ctrl-spot,127.0.0.1,-40,1
[ctrl-3] ENVIADO,CTRL,3,1720,86000,-17,66,0
[ctrl-spot] RTT,0
[ctrl-3] RTT,1
[ctrl-pepper] ESTADO,ctrl-pepper,127.0.0.1,-40,1
[ctrl-1] ESTADO,ctrl-1,127.0.0.1,-40,1
[ctrl-pepper] RTT,0
[ctrl-1] RTT,1
[ctrl-nao] ESTADO,ctrl-nao,127.0.0.1,-40,1
[ctrl-nao] RTT,0
[ctrl-2] ESTADO,ctrl-2,127.0.0.1,-40,1
[ctrl-2] ENVIADO,CTRL,2,1645,86016,-48,53,0
[ctrl-2] RTT,0
[esclava] ESTADO,esclava,127.0.0.1,-40,1
[ctrl-1] ENVIADO,CTRL,1,1721,86055,-10,65,0
[ctrl-nao] ENVIADO,JOINTS,nao,1648,86066,48.8,60.0,-29.4,0
[ctrl-spot] ENVIADO,JOINTS,spot,1722,86100,-13.1,12.4,5.5,0
[ctrl-pepper] ENVIADO,JOINTS,pepper,1723,86150,14.1,4.0,6.7,0
[ctrl-3] ENVIADO,CTRL,3,1724,86209,-11,67,0
[ctrl-2] ENVIADO,CTRL,2,1649,86217,-46,55,0
[ctrl-1] ENVIADO,CTRL,1,1726,86302,-12,68,0
[ctrl-nao] ENVIADO,JOINTS,nao,1653,86314,39.4,66.0,-28.6,0
[ctrl-spot] ENVIADO,JOINTS,spot,1727,86350,-15.6,10.8,7.0,0
[ctrl-pepper] ENVIADO,JOINTS,pepper,1727,86350,24.7,4.4,4.2,0
[ctrl-3] ENVIADO,CTRL,3,1729,86450,-15,67,0
[ctrl-2] ENVIADO,CTRL,2,1654,86468,-41,59,0
[ctrl-1] ENVIADO,CTRL,1,1730,86503,-12,68,0
[ctrl-nao] ENVIADO,JOINTS,nao,1657,86514,30.2,70.4,-27.7,0
[ctrl-pepper] ENVIADO,JOINTS,pepper,1731,86553,34.7,5.6,1.5,0
[ctrl-spot] ENVIADO,JOINTS,spot,1732,86602,-17.3,8.8,8.5,0
[ctrl-3] ENVIADO,CTRL,3,1733,86650,-15,66,0
[ctrl-1] ENVIADO,CTRL,1,1734,86707,-10,64,0
[ctrl-nao] ENVIADO,JOINTS,nao,1661,86714,19.9,74.3,-26.5,0
[ctrl-2] ENVIADO,CTRL,2,1659,86717,-36,59,0
[ctrl-pepper] ENVIADO,JOINTS,pepper,1736,86800,45.0,8.1,-1.8,0
[ctrl-spot] ENVIADO,JOINTS,spot,1737,86850,-18.0,6.6,9.7,0
[ctrl-3] ENVIADO,CTRL,3,1737,86851,-14,64,0
[ctrl-2] ENVIADO,CTRL,2,1663,86919,-29,61,0
[ctrl-1] ENVIADO,CTRL,1,1739,86952,-11,65,0
[ctrl-nao] ENVIADO,JOINTS,nao,1666,86964,6.2,78.3,-24.8,0
[ctrl-pepper] ENVIADO,JOINTS,pepper,1741,87050,53.0,11.6,-5.0,0
[ctrl-spot] ENVIADO,JOINTS,spot,1741,87054,-17.8,4.6,10.7,0
[ctrl-3] ENVIADO,CTRL,3,1741,87055,-17,63,0
[ctrl-1] ENVIADO,CTRL,1,1743,87153,-12,70,0
[ctrl-nao] ENVIADO,JOINTS,nao,1670,87165,-5.2,80.8,-23.3,0
[ctrl-2] ENVIADO,CTRL,2,1668,87166,-17,65,0
[esclava] LEDS,OK,OK,OK,OK,OK,OK
[esclava] # [● placa/MQTT]  ● player-1  ● player-2  ● player-3  ● sim-spot  ● sim-pepper  ● sim-nao
[ctrl-pepper] ENVIADO,JOINTS,pepper,1745,87252,57.4,15.2,-7.6,0
[ctrl-3] ENVIADO,CTRL,3,1746,87300,-16,65,0
[ctrl-spot] ENVIADO,JOINTS,spot,1746,87302,-16.7,2.1,11.8,0
[ctrl-2] ENVIADO,CTRL,2,1672,87366,-14,64,0
[ctrl-1] ENVIADO,CTRL,1,1748,87402,-7,66,0
[ctrl-nao] ENVIADO,JOINTS,nao,1675,87414,-18.9,83.0,-21.1,0
[ctrl-3] ENVIADO,CTRL,3,1750,87500,-15,63,0
[ctrl-pepper] ENVIADO,JOINTS,pepper,1750,87500,59.9,20.3,-10.8,0
[ctrl-spot] ENVIADO,JOINTS,spot,1751,87551,-14.7,-0.4,12.7,0
[ctrl-2] ENVIADO,CTRL,2,1676,87566,-13,64,0
[ctrl-1] ENVIADO,CTRL,1,1752,87608,-10,71,0
[ctrl-nao] ENVIADO,JOINTS,nao,1679,87625,-29.8,83.9,-19.0,0
[ctrl-pepper] ENVIADO,JOINTS,pepper,1755,87751,59.1,26.3,-13.8,0
[ctrl-3] ENVIADO,CTRL,3,1755,87752,-11,65,0
[ctrl-2] ENVIADO,CTRL,2,1680,87769,-14,65,0
[ctrl-spot] ENVIADO,JOINTS,spot,1756,87805,-11.9,-3.0,13.5,0
[ctrl-1] ENVIADO,CTRL,1,1757,87853,-6,67,0
[ctrl-nao] ENVIADO,JOINTS,nao,1684,87864,-40.7,83.9,-16.4,0
[ctrl-pepper] ENVIADO,JOINTS,pepper,1759,87951,56.1,31.4,-16.1,0
[ctrl-2] ENVIADO,CTRL,2,1684,87975,-13,64,0
[ctrl-1] ESTADO,ctrl-1,127.0.0.1,-40,1
[ctrl-3] ESTADO,ctrl-3,127.0.0.1,-40,1
[ctrl-3] ENVIADO,CTRL,3,1760,88000,-13,66,0
[ctrl-3] RTT,0
[ctrl-spot] ESTADO,ctrl-spot,127.0.0.1,-40,1
[ctrl-spot] RTT,0
[ctrl-1] RTT,1
[ctrl-pepper] ESTADO,ctrl-pepper,127.0.0.1,-40,1
[ctrl-pepper] RTT,0
[esclava] ESTADO,esclava,127.0.0.1,-40,1
[ctrl-nao] ESTADO,ctrl-nao,127.0.0.1,-40,1
[ctrl-nao] RTT,0
[ctrl-2] ESTADO,ctrl-2,127.0.0.1,-40,1
[ctrl-2] RTT,0
[ctrl-spot] ENVIADO,JOINTS,spot,1761,88053,-8.4,-5.5,14.2,0
[ctrl-nao] ENVIADO,JOINTS,nao,1688,88064,-48.2,83.0,-14.2,0
[ctrl-1] ENVIADO,CTRL,1,1762,88102,-6,65,0
[ctrl-pepper] ENVIADO,JOINTS,pepper,1764,88200,49.6,38.0,-18.7,0
[ctrl-3] ENVIADO,CTRL,3,1764,88200,-13,67,0
[ctrl-2] ENVIADO,CTRL,2,1689,88216,-13,68,0
[ctrl-spot] ENVIADO,JOINTS,spot,1765,88253,-5.3,-7.4,14.5,0
[ctrl-nao] ENVIADO,JOINTS,nao,1693,88315,-55.3,80.9,-11.2,0
[ctrl-1] ENVIADO,CTRL,1,1767,88352,-10,69,0
[ctrl-pepper] ENVIADO,JOINTS,pepper,1768,88400,42.4,43.6,-20.7,0
[ctrl-3] ENVIADO,CTRL,3,1768,88401,-13,66,0
[ctrl-2] ENVIADO,CTRL,2,1693,88420,-17,67,0
[ctrl-spot] ENVIADO,JOINTS,spot,1770,88502,-1.1,-9.5,14.9,0
[ctrl-nao] ENVIADO,JOINTS,nao,1697,88516,-58.7,78.4,-8.7,0
[ctrl-1] ENVIADO,CTRL,1,1771,88555,-3,71,0
[ctrl-pepper] ENVIADO,JOINTS,pepper,1773,88650,31.3,50.4,-23.0,0
[ctrl-3] ENVIADO,CTRL,3,1773,88650,-15,67,0
[ctrl-2] ENVIADO,CTRL,2,1698,88667,-10,65,0
[ctrl-spot] ENVIADO,JOINTS,spot,1774,88702,2.3,-11.0,15.0,0
[ctrl-nao] ENVIADO,JOINTS,nao,1702,88764,-60.0,74.5,-5.5,0
[ctrl-1] ENVIADO,CTRL,1,1776,88802,-4,72,0
[ctrl-3] ENVIADO,CTRL,3,1777,88850,-9,65,0
[ctrl-2] ENVIADO,CTRL,2,1702,88866,-15,65,0
[ctrl-pepper] ENVIADO,JOINTS,pepper,1778,88904,18.3,57.2,-25.0,0
[ctrl-spot] ENVIADO,JOINTS,spot,1778,88904,5.6,-12.3,15.0,0
[ctrl-1] ENVIADO,CTRL,1,1780,89002,-7,68,0
[ctrl-nao] ENVIADO,JOINTS,nao,1707,89014,-58.0,69.6,-2.2,0
[ctrl-3] ENVIADO,CTRL,3,1781,89050,-12,67,0
[ctrl-2] ENVIADO,CTRL,2,1707,89116,-17,62,0
[ctrl-spot] ENVIADO,JOINTS,spot,1783,89150,9.4,-13.6,14.8,0
[ctrl-pepper] ENVIADO,JOINTS,pepper,1783,89150,4.7,63.4,-26.6,0
[ctrl-1] ENVIADO,CTRL,1,1784,89205,-3,71,0
[esclava] LEDS,OK,OK,OK,OK,OK,OK
[esclava] # [● placa/MQTT]  ● player-1  ● player-2  ● player-3  ● sim-spot  ● sim-pepper  ● sim-nao
[ctrl-nao] ENVIADO,JOINTS,nao,1712,89264,-52.8,63.9,1.1,0
[ctrl-3] ENVIADO,CTRL,3,1786,89304,-11,65,0
[ctrl-2] ENVIADO,CTRL,2,1711,89320,-19,66,0
[ctrl-pepper] ENVIADO,JOINTS,pepper,1787,89350,-6.6,68.1,-27.7,0
[ctrl-spot] ENVIADO,JOINTS,spot,1787,89350,12.1,-14.3,14.6,0
[ctrl-1] ENVIADO,CTRL,1,1788,89411,2,70,0
[ctrl-nao] ENVIADO,JOINTS,nao,1717,89514,-44.7,57.6,4.4,0
[ctrl-pepper] ENVIADO,JOINTS,pepper,1791,89550,-17.7,72.2,-28.6,0
[ctrl-3] ENVIADO,CTRL,3,1791,89550,-11,67,0
[ctrl-2] ENVIADO,CTRL,2,1716,89566,-17,65,0
[ctrl-spot] ENVIADO,JOINTS,spot,1792,89601,14.9,-14.9,14.1,0
[ctrl-1] ENVIADO,CTRL,1,1793,89652,0,70,0
[ctrl-nao] ENVIADO,JOINTS,nao,1721,89717,-36.3,52.3,7.0,0
[ctrl-3] ENVIADO,CTRL,3,1796,89800,-4,69,0
[ctrl-pepper] ENVIADO,JOINTS,pepper,1796,89800,-30.6,76.7,-29.4,0
[ctrl-2] ENVIADO,CTRL,2,1721,89816,-18,63,0
[ctrl-spot] ENVIADO,JOINTS,spot,1797,89852,16.8,-15.0,13.5,0
[ctrl-1] ENVIADO,CTRL,1,1797,89855,-2,69,0
[ctrl-nao] ENVIADO,JOINTS,nao,1726,89964,-24.3,45.5,10.1,0
[ctrl-1] ESTADO,ctrl-1,127.0.0.1,-40,1
[ctrl-1] RTT,0
[ctrl-3] ESTADO,ctrl-3,127.0.0.1,-40,1
[ctrl-3] ENVIADO,CTRL,3,1800,90000,-6,70,0
[ctrl-3] RTT,0
[ctrl-pepper] ESTADO,ctrl-pepper,127.0.0.1,-40,1
[ctrl-pepper] ENVIADO,JOINTS,pepper,1800,90005,-39.9,79.6,-29.8,0
[ctrl-spot] ESTADO,ctrl-spot,127.0.0.1,-40,1
[ctrl-spot] RTT,0
[ctrl-pepper] RTT,0
[ctrl-nao] ESTADO,ctrl-nao,127.0.0.1,-40,1
[ctrl-nao] RTT,1
[ctrl-2] ESTADO,ctrl-2,127.0.0.1,-40,1
[ctrl-2] RTT,0
[esclava] ESTADO,esclava,127.0.0.1,-40,1
[ctrl-2] ENVIADO,CTRL,2,1726,90066,-18,66,0
[ctrl-spot] ENVIADO,JOINTS,spot,1802,90100,17.9,-14.6,12.7,0
[ctrl-1] ENVIADO,CTRL,1,1802,90102,0,74,0
[ctrl-nao] ENVIADO,JOINTS,nao,1731,90214,-10.9,38.6,13.1,0
[ctrl-3] ENVIADO,CTRL,3,1805,90250,-7,63,0
[ctrl-pepper] ENVIADO,JOINTS,pepper,1805,90250,-49.1,82.2,-30.0,0
[ctrl-2] ENVIADO,CTRL,2,1730,90266,-11,66,0
[ctrl-1] ENVIADO,CTRL,1,1806,90302,2,70,0
[ctrl-spot] ENVIADO,JOINTS,spot,1806,90301,18.0,-14.0,11.9,0
[ctrl-3] ENVIADO,CTRL,3,1809,90450,-3,69,0
[ctrl-pepper] ENVIADO,JOINTS,pepper,1809,90450,-54.7,83.5,-29.9,0
[ctrl-nao] ENVIADO,JOINTS,nao,1736,90464,3.2,31.9,16.0,0
[ctrl-2] ENVIADO,CTRL,2,1734,90466,-11,67,0
[ctrl-1] ENVIADO,CTRL,1,1811,90553,-3,67,0
[ctrl-spot] ENVIADO,JOINTS,spot,1811,90551,17.2,-12.9,10.8,0
[ctrl-3] ENVIADO,CTRL,3,1813,90650,-8,68,0
[ctrl-pepper] ENVIADO,JOINTS,pepper,1813,90651,-58.4,84.0,-29.5,0
[ctrl-nao] ENVIADO,JOINTS,nao,1740,90664,14.4,26.7,18.2,0
[ctrl-2] ENVIADO,CTRL,2,1739,90716,-10,65,0
[ctrl-1] ENVIADO,CTRL,1,1816,90802,-2,70,0
[ctrl-spot] ENVIADO,JOINTS,spot,1816,90800,15.5,-11.4,9.6,0
[ctrl-3] ENVIADO,CTRL,3,1817,90850,-5,69,0
[ctrl-nao] ENVIADO,JOINTS,nao,1744,90864,25.0,21.9,20.2,0
[ctrl-pepper] ENVIADO,JOINTS,pepper,1818,90901,-60.0,83.6,-28.7,0
[ctrl-2] ENVIADO,CTRL,2,1743,90916,-14,66,0
[ctrl-spot] ENVIADO,JOINTS,spot,1820,91000,13.5,-10.0,8.6,0
[ctrl-1] ENVIADO,CTRL,1,1821,91052,-1,68,0
[ctrl-nao] ENVIADO,JOINTS,nao,1748,91064,34.8,17.5,22.1,0
[ctrl-3] ENVIADO,CTRL,3,1822,91100,-4,67,0
[ctrl-pepper] ENVIADO,JOINTS,pepper,1823,91150,-58.3,82.0,-27.6,0
[ctrl-2] ENVIADO,CTRL,2,1748,91166,-13,68,0
[esclava] LEDS,OK,OK,OK,OK,OK,OK
[esclava] # [● placa/MQTT]  ● player-1  ● player-2  ● player-3  ● sim-spot  ● sim-pepper  ● sim-nao
[ctrl-spot] ENVIADO,JOINTS,spot,1825,91250,10.4,-7.9,7.2,0
[ctrl-nao] ENVIADO,JOINTS,nao,1752,91265,43.4,13.6,23.8,0
[ctrl-1] ENVIADO,CTRL,1,1826,91306,-3,69,0
[ctrl-3] ENVIADO,CTRL,3,1826,91302,-6,69,0
[ctrl-2] ENVIADO,CTRL,2,1751,91373,-11,65,0
[ctrl-pepper] ENVIADO,JOINTS,pepper,1828,91400,-53.4,79.3,-26.2,0
[ctrl-spot] ENVIADO,JOINTS,spot,1829,91452,7.4,-6.1,6.0,0
[ctrl-nao] ENVIADO,JOINTS,nao,1757,91514,51.8,9.6,25.6,0
[ctrl-1] ENVIADO,CTRL,1,1831,91553,1,72,0
[ctrl-3] ENVIADO,CTRL,3,1831,91550,1,68,0
[ctrl-pepper] ENVIADO,JOINTS,pepper,1832,91600,-47.4,76.3,-24.8,0
[ctrl-2] ENVIADO,CTRL,2,1757,91616,-7,66,0
[ctrl-spot] ENVIADO,JOINTS,spot,1834,91700,3.4,-3.6,4.4,0
[ctrl-nao] ENVIADO,JOINTS,nao,1761,91716,56.6,7.1,26.9,0
[ctrl-3] ENVIADO,CTRL,3,1836,91800,3,70,0
[ctrl-pepper] ENVIADO,JOINTS,pepper,1836,91800,-39.6,72.8,-23.2,0
[ctrl-1] ENVIADO,CTRL,1,1836,91802,-1,70,0
[ctrl-2] ENVIADO,CTRL,2,1762,91866,-8,70,0
[ctrl-spot] ENVIADO,JOINTS,spot,1838,91900,0.0,-1.6,3.2,0
[ctrl-nao] ENVIADO,JOINTS,nao,1766,91964,59.7,5.0,28.2,0
[ctrl-1] ESTADO,ctrl-1,127.0.0.1,-40,1
[ctrl-3] ESTADO,ctrl-3,127.0.0.1,-40,1
[ctrl-spot] ESTADO,ctrl-spot,127.0.0.1,-40,1
[ctrl-pepper] ESTADO,ctrl-pepper,127.0.0.1,-40,1
[ctrl-pepper] ENVIADO,JOINTS,pepper,1840,92000,-30.5,68.7,-21.4,0
[ctrl-spot] RTT,0
[ctrl-pepper] RTT,0
[ctrl-1] ENVIADO,CTRL,1,1840,92002,-2,72,0
[ctrl-1] RTT,1
[ctrl-3] RTT,1
[esclava] ESTADO,esclava,127.0.0.1,-40,1
[ctrl-nao] ESTADO,ctrl-nao,127.0.0.1,-40,1
[ctrl-nao] RTT,0
[ctrl-2] ESTADO,ctrl-2,127.0.0.1,-40,1
[ctrl-2] RTT,0
[ctrl-3] ENVIADO,CTRL,3,1841,92050,0,73,0
[ctrl-2] ENVIADO,CTRL,2,1766,92066,-5,67,0
[ctrl-spot] ENVIADO,JOINTS,spot,1843,92150,-4.2,1.0,1.5,0
[ctrl-nao] ENVIADO,JOINTS,nao,1770,92164,59.8,4.2,29.0,0
[ctrl-pepper] ENVIADO,JOINTS,pepper,1844,92202,-20.2,64.0,-19.5,0
[ctrl-1] ENVIADO,CTRL,1,1844,92205,-1,70,0
[ctrl-3] ENVIADO,CTRL,3,1845,92250,0,69,0
[ctrl-2] ENVIADO,CTRL,2,1770,92266,-7,66,0
[ctrl-spot] ENVIADO,JOINTS,spot,1848,92401,-8.2,3.5,-0.1,0
[ctrl-nao] ENVIADO,JOINTS,nao,1775,92417,56.9,4.2,29.7,0
[ctrl-pepper] ENVIADO,JOINTS,pepper,1849,92450,-6.5,57.8,-16.9,0
[ctrl-1] ENVIADO,CTRL,1,1849,92452,0,66,0
[ctrl-3] ENVIADO,CTRL,3,1850,92500,-2,70,0
[ctrl-2] ENVIADO,CTRL,2,1775,92516,-6,67,0
[ctrl-spot] ENVIADO,JOINTS,spot,1853,92650,-11.7,6.0,-1.7,0
[ctrl-1] ENVIADO,CTRL,1,1853,92652,0,68,0
[ctrl-nao] ENVIADO,JOINTS,nao,1780,92664,51.0,5.3,30.0,0
[ctrl-3] ENVIADO,CTRL,3,1854,92701,1,70,0
[ctrl-pepper] ENVIADO,JOINTS,pepper,1854,92702,7.7,51.1,-14.0,0
[ctrl-2] ENVIADO,CTRL,2,1780,92766,-3,68,0
[ctrl-1] ENVIADO,CTRL,1,1857,92852,4,69,0
[ctrl-spot] ENVIADO,JOINTS,spot,1858,92900,-14.6,8.3,-3.4,0
[ctrl-nao] ENVIADO,JOINTS,nao,1785,92914,42.1,7.7,29.9,0
[ctrl-pepper] ENVIADO,JOINTS,pepper,1859,92950,21.2,44.3,-11.1,0
[ctrl-3] ENVIADO,CTRL,3,1859,92950,-1,72,0
[ctrl-2] ENVIADO,CTRL,2,1785,93016,-2,70,0
[ctrl-1] ENVIADO,CTRL,1,1861,93052,-3,67,0
[ctrl-nao] ENVIADO,JOINTS,nao,1789,93114,33.4,10.3,29.6,0
[ctrl-spot] ENVIADO,JOINTS,spot,1863,93151,-16.6,10.3,-5.0,0
[ctrl-pepper] ENVIADO,JOINTS,pepper,1863,93150,31.4,38.8,-8.6,0
[ctrl-3] ENVIADO,CTRL,3,1863,93150,4,69,0
[ctrl-1] ENVIADO,CTRL,1,1865,93257,-1,69,0
[esclava] LEDS,OK,OK,OK,OK,OK,OK
[esclava] # [● placa/MQTT]  ● player-1  ● player-2  ● player-3  ● sim-spot  ● sim-pepper  ● sim-nao
[ctrl-2] ENVIADO,CTRL,2,1790,93267,-6,68,0
[ctrl-nao] ENVIADO,JOINTS,nao,1794,93364,20.8,14.5,28.9,0
[ctrl-pepper] ENVIADO,JOINTS,pepper,1868,93400,42.5,32.1,-5.4,0
[ctrl-spot] ENVIADO,JOINTS,spot,1868,93400,-17.8,12.0,-6.5,0
[ctrl-3] ENVIADO,CTRL,3,1868,93400,2,72,0
[ctrl-1] ENVIADO,CTRL,1,1870,93502,-3,70,0
[ctrl-2] ENVIADO,CTRL,2,1795,93516,-4,70,0
[ctrl-nao] ENVIADO,JOINTS,nao,1798,93564,9.9,18.5,28.1,0
[ctrl-pepper] ENVIADO,JOINTS,pepper,1872,93600,49.7,26.9,-2.7,0
[ctrl-spot] ENVIADO,JOINTS,spot,1872,93600,-18.0,13.1,-7.6,0
[ctrl-3] ENVIADO,CTRL,3,1873,93650,0,72,0
[ctrl-1] ENVIADO,CTRL,1,1874,93703,3,73,0
[ctrl-2] ENVIADO,CTRL,2,1800,93766,-3,69,0
[ctrl-nao] ENVIADO,JOINTS,nao,1803,93814,-4.2,24.2,26.8,0
[ctrl-pepper] ENVIADO,JOINTS,pepper,1877,93850,56.1,20.9,0.5,0
[ctrl-spot] ENVIADO,JOINTS,spot,1877,93850,-17.4,14.2,-9.0,0
[ctrl-3] ENVIADO,CTRL,3,1878,93900,0,69,0
[ctrl-1] ENVIADO,CTRL,1,1878,93906,-1,69,0
[ctrl-pepper] ESTADO,ctrl-pepper,127.0.0.1,-40,1
[ctrl-1] ESTADO,ctrl-1,127.0.0.1,-40,1
[ctrl-spot] ESTADO,ctrl-spot,127.0.0.1,-40,1
[ctrl-pepper] RTT,1
[ctrl-1] RTT,1
[ctrl-spot] RTT,0
[ctrl-3] ESTADO,ctrl-3,127.0.0.1,-40,1
[ctrl-3] RTT,0
[ctrl-2] ESTADO,ctrl-2,127.0.0.1,-40,1
[ctrl-2] ENVIADO,CTRL,2,1805,94016,1,68,0
[ctrl-2] RTT,0
[esclava] ESTADO,esclava,127.0.0.1,-40,1
[ctrl-nao] ESTADO,ctrl-nao,127.0.0.1,-40,1
[ctrl-nao] ENVIADO,JOINTS,nao,1807,94018,-15.5,29.3,25.5,0
[ctrl-nao] RTT,1
[ctrl-3] ENVIADO,CTRL,3,1882,94100,-1,68,0
[ctrl-spot] ENVIADO,JOINTS,spot,1882,94101,-15.8,14.8,-10.3,0
[ctrl-pepper] ENVIADO,JOINTS,pepper,1882,94101,59.5,15.7,3.8,0
[ctrl-1] ENVIADO,CTRL,1,1883,94153,3,71,0
[ctrl-nao] ENVIADO,JOINTS,nao,1812,94264,-28.4,35.8,23.6,0
[ctrl-2] ENVIADO,CTRL,2,1810,94269,-1,69,0
[ctrl-3] ENVIADO,CTRL,3,1887,94350,-1,69,0
[ctrl-1] ENVIADO,CTRL,1,1887,94353,-2,70,0
[ctrl-spot] ENVIADO,JOINTS,spot,1887,94351,-13.3,15.0,-11.4,0
[ctrl-pepper] ENVIADO,JOINTS,pepper,1887,94351,59.6,11.2,7.1,0
[ctrl-nao] ENVIADO,JOINTS,nao,1816,94464,-37.8,41.3,21.9,0
[ctrl-2] ENVIADO,CTRL,2,1815,94516,-2,69,0
[ctrl-pepper] ENVIADO,JOINTS,pepper,1892,94600,56.4,7.8,10.2,0
[ctrl-spot] ENVIADO,JOINTS,spot,1892,94600,-10.1,14.7,-12.4,0
[ctrl-1] ENVIADO,CTRL,1,1892,94602,-4,70,0
[ctrl-3] ENVIADO,CTRL,3,1892,94600,-2,70,0
[ctrl-nao] ENVIADO,JOINTS,nao,1820,94664,-45.9,46.8,20.0,0
[ctrl-2] ENVIADO,CTRL,2,1820,94766,-3,69,0
[ctrl-1] ENVIADO,CTRL,1,1896,94802,0,72,0
[ctrl-pepper] ENVIADO,JOINTS,pepper,1896,94800,51.6,5.8,12.7,0
[ctrl-spot] ENVIADO,JOINTS,spot,1896,94800,-7.2,14.2,-13.1,0
[ctrl-3] ENVIADO,CTRL,3,1896,94800,-2,72,0
[ctrl-nao] ENVIADO,JOINTS,nao,1824,94864,-52.3,52.3,18.0,0
[ctrl-2] ENVIADO,CTRL,2,1824,94966,-2,68,0
[ctrl-3] ENVIADO,CTRL,3,1900,95001,-2,70,0
[ctrl-1] ENVIADO,CTRL,1,1900,95003,0,69,0
[ctrl-spot] ENVIADO,JOINTS,spot,1900,95000,-3.9,13.4,-13.7,0
[ctrl-pepper] ENVIADO,JOINTS,pepper,1901,95050,43.1,4.3,15.6,0
[ctrl-nao] ENVIADO,JOINTS,nao,1828,95070,-57.0,57.7,15.7,0
[ctrl-2] ENVIADO,CTRL,2,1828,95166,0,69,0
[ctrl-spot] ENVIADO,JOINTS,spot,1904,95200,-0.6,12.4,-14.2,0
[ctrl-3] ENVIADO,CTRL,3,1905,95250,-1,70,0
[ctrl-pepper] ENVIADO,JOINTS,pepper,1905,95251,34.4,4.0,17.8,0
[ctrl-1] ENVIADO,CTRL,1,1905,95254,-4,68,0
[esclava] LEDS,OK,OK,OK,OK,OK,OK
[esclava] # [● placa/MQTT]  ● player-1  ● player-2  ● player-3  ● sim-spot  ● sim-pepper  ● sim-nao
[ctrl-nao] ENVIADO,JOINTS,nao,1833,95314,-59.8,63.8,12.9,0
[ctrl-2] ENVIADO,CTRL,2,1833,95416,4,69,0
[ctrl-3] ENVIADO,CTRL,3,1909,95450,-2,69,0
[ctrl-spot] ENVIADO,JOINTS,spot,1909,95450,3.6,10.7,-14.6,0
[ctrl-pepper] ENVIADO,JOINTS,pepper,1910,95500,22.1,4.7,20.3,0
[ctrl-1] ENVIADO,CTRL,1,1910,95503,-6,71,0
[ctrl-nao] ENVIADO,JOINTS,nao,1838,95564,-59.3,69.5,9.9,0
[ctrl-3] ENVIADO,CTRL,3,1913,95650,3,70,0
[ctrl-2] ENVIADO,CTRL,2,1838,95666,0,69,0
[ctrl-pepper] ENVIADO,JOINTS,pepper,1914,95700,11.2,6.1,22.2,0
[ctrl-spot] ENVIADO,JOINTS,spot,1914,95700,7.6,8.7,-14.9,0
[ctrl-1] ENVIADO,CTRL,1,1915,95752,-2,71,0
[ctrl-nao] ENVIADO,JOINTS,nao,1843,95814,-55.6,74.4,6.7,0
[ctrl-3] ENVIADO,CTRL,3,1917,95850,-2,71,0
[ctrl-pepper] ENVIADO,JOINTS,pepper,1918,95900,-0.1,8.2,23.9,0
[ctrl-spot] ENVIADO,JOINTS,spot,1918,95900,10.6,7.0,-15.0,0
[ctrl-2] ENVIADO,CTRL,2,1843,95916,3,70,0
[ctrl-1] ENVIADO,CTRL,1,1919,95952,-3,70,0
[ctrl-3] ESTADO,ctrl-3,127.0.0.1,-40,1
[ctrl-3] RTT,0
[ctrl-1] ESTADO,ctrl-1,127.0.0.1,-40,1
[ctrl-1] RTT,1
[ctrl-pepper] ESTADO,ctrl-pepper,127.0.0.1,-40,1
[ctrl-pepper] RTT,0
[ctrl-spot] ESTADO,ctrl-spot,127.0.0.1,-40,1
[ctrl-spot] RTT,0
[ctrl-nao] ESTADO,ctrl-nao,127.0.0.1,-40,1
[ctrl-nao] RTT,0
[ctrl-2] ESTADO,ctrl-2,127.0.0.1,-40,1
[ctrl-2] RTT,0
[esclava] ESTADO,esclava,127.0.0.1,-40,1
[ctrl-3] ENVIADO,CTRL,3,1921,96050,0,67,0
[ctrl-nao] ENVIADO,JOINTS,nao,1848,96064,-48.9,78.4,3.4,1
[ctrl-spot] ENVIADO,JOINTS,spot,1923,96150,13.7,4.6,-14.9,1
[ctrl-pepper] ENVIADO,JOINTS,pepper,1923,96151,-14.1,11.8,25.7,1
[ctrl-2] ENVIADO,CTRL,2,1848,96167,0,70,0
[ctrl-1] ENVIADO,CTRL,1,1924,96202,-3,68,0
[ctrl-nao] ENVIADO,JOINTS,nao,1852,96264,-41.5,80.9,0.8,1
[ctrl-3] ENVIADO,CTRL,3,1926,96300,2,71,0
[ctrl-1] ENVIADO,CTRL,1,1928,96402,-3,69,0
[ctrl-pepper] ENVIADO,JOINTS,pepper,1928,96400,-27.3,16.3,27.3,1
[ctrl-spot] ENVIADO,JOINTS,spot,1928,96400,16.0,2.1,-14.7,1
[ctrl-2] ENVIADO,CTRL,2,1853,96417,3,71,0
[ctrl-nao] ENVIADO,JOINTS,nao,1856,96464,-32.6,82.7,-1.8,1
[ctrl-3] ENVIADO,CTRL,3,1930,96500,2,71,0
[ctrl-spot] ENVIADO,JOINTS,spot,1933,96650,17.5,-0.5,-14.3,0
[ctrl-1] ENVIADO,CTRL,1,1933,96652,-4,69,0
[ctrl-pepper] ENVIADO,JOINTS,pepper,1933,96650,-39.0,21.7,28.5,0
[ctrl-nao] ENVIADO,JOINTS,nao,1860,96664,-22.6,83.7,-4.4,0
[ctrl-2] ENVIADO,CTRL,2,1858,96666,3,70,0
[ctrl-3] ENVIADO,CTRL,3,1935,96750,-2,72,0
[ctrl-2] ENVIADO,CTRL,2,1862,96866,2,69,0
[ctrl-1] ENVIADO,CTRL,1,1938,96902,-2,66,0
[ctrl-pepper] ENVIADO,JOINTS,pepper,1938,96901,-48.6,27.7,29.3,0
[ctrl-spot] ENVIADO,JOINTS,spot,1938,96901,18.0,-3.1,-13.7,0
[ctrl-nao] ENVIADO,JOINTS,nao,1865,96917,-8.8,83.9,-7.7,0
[ctrl-3] ENVIADO,CTRL,3,1940,97000,-5,68,0
[ctrl-2] ENVIADO,CTRL,2,1866,97066,0,67,0
[ctrl-1] ENVIADO,CTRL,1,1942,97103,-12,63,0
[ctrl-pepper] ENVIADO,JOINTS,pepper,1942,97101,-54.3,32.9,29.8,0
[ctrl-nao] ENVIADO,JOINTS,nao,1869,97117,2.4,83.2,-10.2,0
[ctrl-spot] ENVIADO,JOINTS,spot,1943,97150,17.5,-5.6,-13.0,0
[ctrl-3] ENVIADO,CTRL,3,1944,97201,-2,68,0
[esclava] LEDS,OK,OK,OK,OK,OK,OK
[esclava] # [● placa/MQTT]  ● player-1  ● player-2  ● player-3  ● sim-spot  ● sim-pepper  ● sim-nao
[ctrl-2] ENVIADO,CTRL,2,1871,97316,0,69,0
[esclava] LEDS,OK,OK,OK,OK,CAIDO,OK
[esclava] # [● placa/MQTT]  ● player-1  ● player-2  ● player-3  ● sim-spot  ○ sim-pepper  ● sim-nao
[ctrl-1] ENVIADO,CTRL,1,1947,97352,-9,66,0
[ctrl-pepper] ENVIADO,JOINTS,pepper,1947,97350,-58.8,39.7,30.0,0
[ctrl-nao] ENVIADO,JOINTS,nao,1874,97364,16.2,81.4,-13.2,0
[ctrl-spot] ENVIADO,JOINTS,spot,1948,97401,16.0,-7.9,-12.1,0
[ctrl-3] ENVIADO,CTRL,3,1949,97450,-4,70,0
[ctrl-1] ENVIADO,CTRL,1,1951,97552,-15,65,0
[ctrl-2] ENVIADO,CTRL,2,1876,97569,1,69,0
[ctrl-pepper] ENVIADO,JOINTS,pepper,1952,97600,-60.0,46.6,29.9,0
[ctrl-nao] ENVIADO,JOINTS,nao,1879,97614,29.2,78.4,-16.1,0
[ctrl-3] ENVIADO,CTRL,3,1953,97650,-6,72,0
[ctrl-spot] ENVIADO,JOINTS,spot,1953,97650,13.7,-10.0,-11.0,0
[ctrl-1] ENVIADO,CTRL,1,1956,97802,-19,66,0
[ctrl-2] ENVIADO,CTRL,2,1881,97816,4,69,0
[ctrl-pepper] ENVIADO,JOINTS,pepper,1957,97850,-57.9,53.4,29.4,0
[ctrl-spot] ENVIADO,JOINTS,spot,1957,97850,11.3,-11.4,-10.1,0
[ctrl-nao] ENVIADO,JOINTS,nao,1884,97864,40.7,74.3,-18.8,0
[ctrl-3] ENVIADO,CTRL,3,1958,97900,-1,69,0
[ctrl-1] ESTADO,ctrl-1,127.0.0.1,-40,1
[ctrl-1] RTT,0
[ctrl-3] ESTADO,ctrl-3,127.0.0.1,-40,1
[ctrl-3] RTT,0
[ctrl-pepper] ESTADO,ctrl-pepper,127.0.0.1,-40,1
[ctrl-pepper] RTT,0
[ctrl-spot] ESTADO,ctrl-spot,127.0.0.1,-40,1
[ctrl-spot] RTT,1
[ctrl-nao] ESTADO,ctrl-nao,127.0.0.1,-40,1
[ctrl-nao] RTT,0
[ctrl-2] ESTADO,ctrl-2,127.0.0.1,-40,1
[ctrl-2] ENVIADO,CTRL,2,1885,98016,-2,70,0
[ctrl-2] RTT,0
[esclava] ESTADO,esclava,127.0.0.1,-40,1
[ctrl-1] ENVIADO,CTRL,1,1961,98052,-14,67,0
[ctrl-pepper] ENVIADO,JOINTS,pepper,1961,98050,-53.9,58.7,28.7,0
[ctrl-3] ENVIADO,CTRL,3,1962,98100,-4,70,0
[ctrl-spot] ENVIADO,JOINTS,spot,1962,98100,7.7,-12.9,-8.8,0
[ctrl-nao] ENVIADO,JOINTS,nao,1889,98114,49.8,69.4,-21.2,0
[ctrl-1] ENVIADO,CTRL,1,1965,98252,-16,67,0
[ctrl-2] ENVIADO,CTRL,2,1890,98266,-6,70,0
[ctrl-pepper] ENVIADO,JOINTS,pepper,1966,98300,-46.2,64.8,27.6,0
[ctrl-3] ENVIADO,CTRL,3,1967,98350,-8,68,0
[ctrl-spot] ENVIADO,JOINTS,spot,1967,98350,3.7,-14.0,-7.4,0
[ctrl-nao] ENVIADO,JOINTS,nao,1894,98364,56.3,63.7,-23.4,0
[ctrl-1] ENVIADO,CTRL,1,1970,98502,-18,62,0
[ctrl-2] ENVIADO,CTRL,2,1895,98516,0,67,0
[ctrl-pepper] ENVIADO,JOINTS,pepper,1971,98550,-36.0,70.4,26.1,0
[ctrl-nao] ENVIADO,JOINTS,nao,1898,98564,59.2,58.7,-25.0,0
[ctrl-3] ENVIADO,CTRL,3,1972,98600,-7,66,0
[ctrl-spot] ENVIADO,JOINTS,spot,1972,98600,-0.5,-14.7,-6.0,0
[ctrl-1] ENVIADO,CTRL,1,1975,98752,-18,63,0
[ctrl-nao] ENVIADO,JOINTS,nao,1902,98764,60.0,53.4,-26.4,0
[ctrl-2] ENVIADO,CTRL,2,1900,98769,-4,70,0
[ctrl-pepper] ENVIADO,JOINTS,pepper,1976,98800,-23.8,75.2,24.3,0
[ctrl-3] ENVIADO,CTRL,3,1976,98800,-7,65,0
[ctrl-spot] ENVIADO,JOINTS,spot,1977,98850,-4.7,-15.0,-4.4,0
[ctrl-1] ENVIADO,CTRL,1,1979,98952,-17,63,0
[ctrl-pepper] ENVIADO,JOINTS,pepper,1980,99000,-13.0,78.3,22.7,0
[ctrl-nao] ENVIADO,JOINTS,nao,1907,99014,58.0,46.6,-27.8,0
[ctrl-2] ENVIADO,CTRL,2,1905,99016,-4,68,0
[ctrl-spot] ENVIADO,JOINTS,spot,1981,99050,-7.9,-14.9,-3.1,0
[ctrl-3] ENVIADO,CTRL,3,1981,99050,-8,68,0
[ctrl-1] ENVIADO,CTRL,1,1983,99152,-16,64,0
[ctrl-nao] ENVIADO,JOINTS,nao,1911,99214,54.1,41.1,-28.7,0
[ctrl-pepper] ENVIADO,JOINTS,pepper,1985,99250,1.0,81.3,20.4,0
[ctrl-spot] ENVIADO,JOINTS,spot,1985,99250,-10.8,-14.5,-1.8,0
[ctrl-2] ENVIADO,CTRL,2,1910,99266,-1,71,0
[ctrl-3] ENVIADO,CTRL,3,1986,99300,-8,66,0
[esclava] LEDS,OK,OK,OK,OK,CAIDO,OK
[esclava] # [● placa/MQTT]  ● player-1  ● player-2  ● player-3  ● sim-spot  ○ sim-pepper  ● sim-nao
[ctrl-1] ENVIADO,CTRL,1,1988,99402,-22,62,0
[ctrl-nao] ENVIADO,JOINTS,nao,1915,99414,48.3,35.6,-29.3,0
[ctrl-spot] ENVIADO,JOINTS,spot,1989,99450,-13.3,-13.8,-0.5,0
[ctrl-2] ENVIADO,CTRL,2,1914,99466,-1,69,0
[ctrl-3] ENVIADO,CTRL,3,1990,99500,-12,67,0
[ctrl-pepper] ENVIADO,JOINTS,pepper,1990,99500,15.0,83.3,17.9,0
[ctrl-1] ENVIADO,CTRL,1,1993,99652,-20,65,0
[ctrl-nao] ENVIADO,JOINTS,nao,1920,99664,38.7,29.0,-29.8,0
[ctrl-spot] ENVIADO,JOINTS,spot,1994,99700,-15.8,-12.6,1.1,0
[ctrl-3] ENVIADO,CTRL,3,1994,99700,-15,64,0
[ctrl-pepper] ENVIADO,JOINTS,pepper,1994,99701,25.6,83.9,15.7,0
[ctrl-2] ENVIADO,CTRL,2,1919,99716,1,72,0
[ctrl-nao] ENVIADO,JOINTS,nao,1924,99864,29.4,24.0,-30.0,0
[ctrl-1] ENVIADO,CTRL,1,1998,99902,-18,61,0
[ctrl-spot] ENVIADO,JOINTS,spot,1998,99900,-17.1,-11.4,2.4,0
[ctrl-3] ENVIADO,CTRL,3,1998,99900,-14,65,0
[ctrl-2] ENVIADO,CTRL,2,1923,99916,-3,71,0
[ctrl-pepper] ENVIADO,JOINTS,pepper,1999,99950,37.5,83.7,12.8,0
[ctrl-1] ESTADO,ctrl-1,127.0.0.1,-40,1
[ctrl-3] ESTADO,ctrl-3,127.0.0.1,-40,1
[ctrl-pepper] ESTADO,ctrl-pepper,127.0.0.1,-40,1
[ctrl-pepper] RTT,0
[ctrl-3] RTT,0
[ctrl-1] RTT,1
[ctrl-spot] ESTADO,ctrl-spot,127.0.0.1,-40,1
[ctrl-spot] RTT,0
[ctrl-nao] ESTADO,ctrl-nao,127.0.0.1,-40,1
[ctrl-nao] RTT,0
[ctrl-2] ESTADO,ctrl-2,127.0.0.1,-40,1
[ctrl-2] RTT,0
[esclava] ESTADO,esclava,127.0.0.1,-40,1
[ctrl-spot] ENVIADO,JOINTS,spot,2002,100100,-17.9,-9.9,3.7,0
[ctrl-nao] ENVIADO,JOINTS,nao,1929,100114,16.4,18.4,-29.9,0
[ctrl-3] ENVIADO,CTRL,3,2003,100150,-15,63,0
[ctrl-1] ENVIADO,CTRL,1,2003,100152,-17,63,0
[ctrl-2] ENVIADO,CTRL,2,1928,100166,-1,70,0
[ctrl-pepper] ENVIADO,JOINTS,pepper,2004,100200,47.4,82.3,9.7,0
[ctrl-nao] ENVIADO,JOINTS,nao,1933,100314,5.3,14.4,-29.5,0
[ctrl-1] ENVIADO,CTRL,1,2007,100352,-17,61,0
[ctrl-3] ENVIADO,CTRL,3,2007,100350,-16,65,0
[ctrl-spot] ENVIADO,JOINTS,spot,2007,100350,-17.9,-7.8,5.3,0
[ctrl-2] ENVIADO,CTRL,2,1932,100366,-5,69,0
[ctrl-pepper] ENVIADO,JOINTS,pepper,2009,100451,54.7,79.8,6.6,0
[ctrl-3] ENVIADO,CTRL,3,2011,100550,-18,65,0
[ctrl-1] ENVIADO,CTRL,1,2011,100552,-24,64,0
[ctrl-nao] ENVIADO,JOINTS,nao,1938,100564,-8.8,10.2,-28.7,0
[ctrl-spot] ENVIADO,JOINTS,spot,2012,100600,-16.9,-5.5,6.8,0
[ctrl-2] ENVIADO,CTRL,2,1937,100616,-4,67,0
[ctrl-pepper] ENVIADO,JOINTS,pepper,2014,100700,58.9,76.2,3.3,0
[ctrl-3] ENVIADO,CTRL,3,2015,100750,-18,63,0
[ctrl-nao] ENVIADO,JOINTS,nao,1942,100764,-19.8,7.6,-27.8,0
[ctrl-1] ENVIADO,CTRL,1,2016,100802,-26,62,0
[ctrl-spot] ENVIADO,JOINTS,spot,2016,100800,-15.5,-3.6,8.0,0
[ctrl-2] ENVIADO,CTRL,2,1941,100816,-4,68,0
[ctrl-pepper] ENVIADO,JOINTS,pepper,2018,100900,60.0,72.6,0.7,0
[ctrl-3] ENVIADO,CTRL,3,2019,100950,-19,65,0
[ctrl-nao] ENVIADO,JOINTS,nao,1947,101014,-32.5,5.3,-26.5,0
[ctrl-1] ENVIADO,CTRL,1,2021,101052,-24,62,0
[ctrl-spot] ENVIADO,JOINTS,spot,2021,101050,-12.9,-1.0,9.3,0
[ctrl-2] ENVIADO,CTRL,2,1946,101066,-7,69,0
[ctrl-pepper] ENVIADO,JOINTS,pepper,2022,101100,58.9,68.5,-2.0,0
[ctrl-3] ENVIADO,CTRL,3,2024,101200,-21,62,0
[ctrl-nao] ENVIADO,JOINTS,nao,1951,101214,-41.4,4.3,-25.1,0
[ctrl-1] ENVIADO,CTRL,1,2025,101255,-16,64,0
[ctrl-2] ENVIADO,CTRL,2,1950,101266,-14,67,0
[ctrl-spot] ENVIADO,JOINTS,spot,2026,101300,-9.7,1.6,10.5,0
[ctrl-pepper] ENVIADO,JOINTS,pepper,2027,101350,54.7,62.7,-5.2,0
[esclava] LEDS,OK,OK,OK,OK,CAIDO,OK
[esclava] # [● placa/MQTT]  ● player-1  ● player-2  ● player-3  ● sim-spot  ○ sim-pepper  ● sim-nao
[ctrl-nao] ENVIADO,JOINTS,nao,1955,101417,-48.9,4.0,-23.5,0
[ctrl-3] ENVIADO,CTRL,3,2029,101450,-16,66,0
[ctrl-2] ENVIADO,CTRL,2,1954,101468,-10,67,0
[ctrl-1] ENVIADO,CTRL,1,2030,101502,-19,65,0
[ctrl-pepper] ENVIADO,JOINTS,pepper,2031,101550,49.1,57.6,-7.8,0
[ctrl-spot] ENVIADO,JOINTS,spot,2031,101550,-5.9,4.1,11.7,0
[ctrl-3] ENVIADO,CTRL,3,2033,101650,-19,61,0
[ctrl-nao] ENVIADO,JOINTS,nao,1960,101664,-55.6,4.8,-21.4,0
[ctrl-1] ENVIADO,CTRL,1,2034,101703,-24,62,0
[ctrl-2] ENVIADO,CTRL,2,1959,101716,-11,70,0
[ctrl-pepper] ENVIADO,JOINTS,pepper,2035,101750,41.7,52.3,-10.3,0
[ctrl-spot] ENVIADO,JOINTS,spot,2035,101753,-2.5,6.1,12.4,0
[ctrl-3] ENVIADO,CTRL,3,2037,101853,-19,65,0
[ctrl-nao] ENVIADO,JOINTS,nao,1964,101865,-58.8,6.2,-19.4,0
[esclava] LEDS,OK,OK,OK,OK,OK,OK
[esclava] # [● placa/MQTT]  ● player-1  ● player-2  ● player-3  ● sim-spot  ● sim-pepper  ● sim-nao
[ctrl-1] ENVIADO,CTRL,1,2039,101955,-34,62,0
[ctrl-spot] ENVIADO,JOINTS,spot,2039,101953,0.9,7.9,13.1,0
[ctrl-pepper] ENVIADO,JOINTS,pepper,2039,101953,32.8,46.7,-12.8,0
[ctrl-2] ENVIADO,CTRL,2,1964,101966,-9,67,0
[ctrl-1] ESTADO,ctrl-1,127.0.0.1,-40,1
[ctrl-3] ESTADO,ctrl-3,127.0.0.1,-40,1
[ctrl-spot] ESTADO,ctrl-spot,127.0.0.1,-40,1
[ctrl-pepper] ESTADO,ctrl-pepper,127.0.0.1,-40,1
[ctrl-spot] RTT,1
[ctrl-pepper] RTT,0
[ctrl-1] RTT,1
[ctrl-3] RTT,1
[ctrl-nao] ESTADO,ctrl-nao,127.0.0.1,-40,1
[ctrl-nao] RTT,0
[esclava] ESTADO,esclava,127.0.0.1,-40,1
[ctrl-2] ESTADO,ctrl-2,127.0.0.1,-40,1
[ctrl-2] RTT,2
[ctrl-3] ENVIADO,CTRL,3,2042,102100,-19,65,0
[ctrl-nao] ENVIADO,JOINTS,nao,1969,102114,-60.0,9.0,-16.8,0
[ctrl-spot] ENVIADO,JOINTS,spot,2043,102157,4.3,9.6,13.7,0
[ctrl-1] ENVIADO,CTRL,1,2043,102159,-31,63,0
[ctrl-pepper] ENVIADO,JOINTS,pepper,2043,102157,22.5,41.1,-15.2,0
[ctrl-2] ENVIADO,CTRL,2,1969,102216,-12,62,0
[ctrl-3] ENVIADO,CTRL,3,2046,102300,-23,65,0
[ctrl-nao] ENVIADO,JOINTS,nao,1973,102314,-58.5,12.0,-14.6,0
[ctrl-spot] ENVIADO,JOINTS,spot,2048,102400,8.1,11.4,14.3,0
[ctrl-pepper] ENVIADO,JOINTS,pepper,2048,102400,9.4,34.5,-17.8,0
[ctrl-1] ENVIADO,CTRL,1,2048,102402,-29,60,0
[ctrl-2] ENVIADO,CTRL,2,1973,102417,-14,66,0
[ctrl-3] ENVIADO,CTRL,3,2051,102550,-19,62,0
[ctrl-nao] ENVIADO,JOINTS,nao,1978,102564,-53.7,16.6,-11.6,0
[ctrl-1] ENVIADO,CTRL,1,2052,102602,-34,61,0
[ctrl-spot] ENVIADO,JOINTS,spot,2052,102600,11.0,12.7,14.6,0
[ctrl-2] ENVIADO,CTRL,2,1977,102616,-16,63,0
[ctrl-pepper] ENVIADO,JOINTS,pepper,2053,102650,-4.7,28.0,-20.4,0
[ctrl-3] ENVIADO,CTRL,3,2055,102750,-20,61,0
[ctrl-nao] ENVIADO,JOINTS,nao,1982,102764,-47.7,20.9,-9.1,0
[ctrl-2] ENVIADO,CTRL,2,1981,102816,-18,66,0
[ctrl-1] ENVIADO,CTRL,1,2057,102852,-32,56,0
[ctrl-pepper] ENVIADO,JOINTS,pepper,2057,102850,-15.9,23.0,-22.2,0
[ctrl-spot] ENVIADO,JOINTS,spot,2057,102850,14.0,13.9,14.9,0
[ctrl-3] ENVIADO,CTRL,3,2059,102950,-22,63,0
[ctrl-nao] ENVIADO,JOINTS,nao,1987,103014,-37.9,26.9,-6.0,0
[ctrl-1] ENVIADO,CTRL,1,2061,103052,-31,60,0
[ctrl-2] ENVIADO,CTRL,2,1986,103066,-21,63,0
[ctrl-pepper] ENVIADO,JOINTS,pepper,2062,103100,-28.9,17.5,-24.3,0
[ctrl-spot] ENVIADO,JOINTS,spot,2062,103100,16.3,14.6,15.0,0
[ctrl-3] ENVIADO,CTRL,3,2064,103200,-25,62,0
[ctrl-nao] ENVIADO,JOINTS,nao,1991,103214,-28.6,32.0,-3.3,0
[ctrl-2] ENVIADO,CTRL,2,1990,103269,-17,66,0
[ctrl-1] ENVIADO,CTRL,1,2066,103302,-33,60,0
[ctrl-pepper] ENVIADO,JOINTS,pepper,2066,103300,-38.3,13.6,-25.8,0
[ctrl-spot] ENVIADO,JOINTS,spot,2066,103300,17.4,14.9,14.9,0
[ctrl-3] ENVIADO,CTRL,3,2068,103402,-25,61,0
[ctrl-nao] ENVIADO,JOINTS,nao,1995,103414,-18.2,37.4,-0.7,0
[ctrl-pepper] ENVIADO,JOINTS,pepper,2070,103500,-46.3,10.3,-27.0,0
[ctrl-2] ENVIADO,CTRL,2,1995,103516,-19,64,0
[ctrl-1] ENVIADO,CTRL,1,2071,103552,-25,59,0
[ctrl-spot] ENVIADO,JOINTS,spot,2071,103550,18.0,14.9,14.7,0
[ctrl-3] ENVIADO,CTRL,3,2073,103650,-25,64,0
[ctrl-nao] ENVIADO,JOINTS,nao,2000,103664,-4.3,44.3,2.6,0
[ctrl-pepper] ENVIADO,JOINTS,pepper,2074,103701,-52.6,7.7,-28.1,0
[ctrl-2] ENVIADO,CTRL,2,1999,103716,-15,65,0
[ctrl-spot] ENVIADO,JOINTS,spot,2076,103800,17.6,14.5,14.3,0
[ctrl-1] ENVIADO,CTRL,1,2076,103802,-28,61,0
[ctrl-3] ENVIADO,CTRL,3,2077,103850,-28,58,0
[ctrl-nao] ENVIADO,JOINTS,nao,2004,103864,7.0,49.8,5.2,0
[esclava] LEDS,OK,OK,OK,OK,OK,OK
[esclava] # [● placa/MQTT]  ● player-1  ● player-2  ● player-3  ● sim-spot  ● sim-pepper  ● sim-nao
[ctrl-2] ENVIADO,CTRL,2,2003,103917,-24,63,0
[ctrl-pepper] ENVIADO,JOINTS,pepper,2079,103953,-57.9,5.3,-29.1,0
[ctrl-1] ESTADO,ctrl-1,127.0.0.1,-40,1
[ctrl-3] ESTADO,ctrl-3,127.0.0.1,-40,1
[ctrl-spot] ESTADO,ctrl-spot,127.0.0.1,-40,1
[ctrl-3] RTT,0
[ctrl-spot] ENVIADO,JOINTS,spot,2080,104001,16.5,13.8,13.8,0
[ctrl-1] ENVIADO,CTRL,1,2080,104002,-26,62,0
[ctrl-1] RTT,1
[ctrl-pepper] ESTADO,ctrl-pepper,127.0.0.1,-40,1
[ctrl-pepper] RTT,0
[ctrl-spot] RTT,1
[ctrl-nao] ESTADO,ctrl-nao,127.0.0.1,-40,1
[ctrl-2] ESTADO,ctrl-2,127.0.0.1,-40,1
[ctrl-nao] RTT,3
[ctrl-2] RTT,1
[esclava] ESTADO,esclava,127.0.0.1,-40,1
[ctrl-3] ENVIADO,CTRL,3,2082,104100,-31,60,0
[ctrl-nao] ENVIADO,JOINTS,nao,2009,104114,20.7,56.5,8.4,0
[ctrl-2] ENVIADO,CTRL,2,2008,104166,-24,64,0
[ctrl-pepper] ENVIADO,JOINTS,pepper,2084,104200,-60.0,4.1,-29.7,0
[ctrl-spot] ENVIADO,JOINTS,spot,2085,104252,14.4,12.6,13.1,0
[ctrl-1] ENVIADO,CTRL,1,2085,104255,-21,63,0
[ctrl-3] ENVIADO,CTRL,3,2086,104300,-31,60,0
[ctrl-nao] ENVIADO,JOINTS,nao,2014,104364,33.3,62.9,11.5,0
[ctrl-2] ENVIADO,CTRL,2,2013,104416,-17,66,0
[ctrl-pepper] ENVIADO,JOINTS,pepper,2089,104450,-58.7,4.1,-30.0,0
[ctrl-spot] ENVIADO,JOINTS,spot,2090,104500,11.5,11.0,12.2,0
[ctrl-1] ENVIADO,CTRL,1,2090,104502,-12,65,0
[ctrl-3] ENVIADO,CTRL,3,2091,104551,-32,58,0
[ctrl-nao] ENVIADO,JOINTS,nao,2018,104564,42.0,67.5,13.9,0
[ctrl-2] ENVIADO,CTRL,2,2017,104616,-16,62,0
[ctrl-pepper] ENVIADO,JOINTS,pepper,2093,104652,-55.4,5.0,-30.0,0
[ctrl-spot] ENVIADO,JOINTS,spot,2094,104700,8.7,9.5,11.4,0
[ctrl-1] ENVIADO,CTRL,1,2094,104702,-3,70,0
[ctrl-nao] ENVIADO,JOINTS,nao,2022,104764,49.3,71.8,16.2,0
[ctrl-3] ENVIADO,CTRL,3,2096,104800,-37,59,0
[ctrl-2] ENVIADO,CTRL,2,2021,104816,-10,67,0
[ctrl-spot] ENVIADO,JOINTS,spot,2098,104900,5.6,7.8,10.5,0
[ctrl-pepper] ENVIADO,JOINTS,pepper,2098,104900,-48.5,7.1,-29.6,0
[ctrl-1] ENVIADO,CTRL,1,2099,104952,6,69,0
[ctrl-3] ENVIADO,CTRL,3,2100,105000,-33,61,0
[ctrl-nao] ENVIADO,JOINTS,nao,2027,105014,55.9,76.3,18.9,0
[ctrl-2] ENVIADO,CTRL,2,2026,105066,-20,63,0
[ctrl-pepper] ENVIADO,JOINTS,pepper,2102,105100,-41.0,9.6,-29.0,0
[ctrl-spot] ENVIADO,JOINTS,spot,2103,105150,1.4,5.5,9.3,0
[ctrl-1] ENVIADO,CTRL,1,2104,105202,4,63,0
[ctrl-3] ENVIADO,CTRL,3,2104,105200,-30,58,0
[ctrl-nao] ENVIADO,JOINTS,nao,2031,105214,59.0,79.2,20.8,0
[ctrl-pepper] ENVIADO,JOINTS,pepper,2106,105305,-31.9,12.8,-28.2,0
[ctrl-2] ENVIADO,CTRL,2,2031,105316,-21,62,0
[ctrl-spot] ENVIADO,JOINTS,spot,2107,105350,-2.0,3.5,8.2,0
[ctrl-1] ENVIADO,CTRL,1,2108,105402,17,65,0
[ctrl-nao] ENVIADO,JOINTS,nao,2035,105414,60.0,81.5,22.7,0
[ctrl-3] ENVIADO,CTRL,3,2109,105450,-30,61,0
[ctrl-pepper] ENVIADO,JOINTS,pepper,2111,105550,-19.4,17.5,-27.0,0
[ctrl-2] ENVIADO,CTRL,2,2036,105566,-21,61,0
[ctrl-spot] ENVIADO,JOINTS,spot,2112,105600,-6.1,0.9,6.8,0
[ctrl-1] ENVIADO,CTRL,1,2112,105602,14,64,0
[ctrl-nao] ENVIADO,JOINTS,nao,2040,105664,58.2,83.3,24.7,0
[ctrl-3] ENVIADO,CTRL,3,2114,105700,-29,64,0
[ctrl-2] ENVIADO,CTRL,2,2040,105766,-27,62,0
[ctrl-pepper] ENVIADO,JOINTS,pepper,2116,105800,-5.6,23.0,-25.4,0
[ctrl-spot] ENVIADO,JOINTS,spot,2116,105800,-9.1,-1.1,5.6,0
[ctrl-1] ENVIADO,CTRL,1,2117,105852,22,63,0
[ctrl-nao] ENVIADO,JOINTS,nao,2044,105864,54.5,84.0,26.1,0
[esclava] LEDS,OK,OK,OK,OK,OK,OK
[esclava] # [● placa/MQTT]  ● player-1  ● player-2  ● player-3  ● sim-spot  ● sim-pepper  ● sim-nao
[ctrl-3] ENVIADO,CTRL,3,2118,105900,-26,61,0
[ctrl-2] ENVIADO,CTRL,2,2044,105966,-25,61,0
[ctrl-1] ESTADO,ctrl-1,127.0.0.1,-40,1
[ctrl-3] ESTADO,ctrl-3,127.0.0.1,-40,1
[ctrl-3] RTT,0
[ctrl-1] RTT,1
[ctrl-spot] ESTADO,ctrl-spot,127.0.0.1,-40,1
[ctrl-pepper] ESTADO,ctrl-pepper,127.0.0.1,-40,1
[ctrl-pepper] ENVIADO,JOINTS,pepper,2120,106000,5.7,27.9,-23.9,0
[ctrl-pepper] RTT,0
[ctrl-spot] RTT,1
[ctrl-nao] ESTADO,ctrl-nao,127.0.0.1,-40,1
[ctrl-nao] RTT,0
[ctrl-2] ESTADO,ctrl-2,127.0.0.1,-40,1
[ctrl-2] RTT,0
[esclava] ESTADO,esclava,127.0.0.1,-40,1
[ctrl-spot] ENVIADO,JOINTS,spot,2121,106050,-12.5,-3.7,4.0,0
[ctrl-1] ENVIADO,CTRL,1,2122,106102,23,62,0
[ctrl-nao] ENVIADO,JOINTS,nao,2049,106114,47.2,83.7,27.5,0
[ctrl-3] ENVIADO,CTRL,3,2123,106150,-29,61,0
[ctrl-2] ENVIADO,CTRL,2,2048,106166,-32,62,0
[ctrl-pepper] ENVIADO,JOINTS,pepper,2125,106251,19.5,34.5,-21.7,0
[ctrl-spot] ENVIADO,JOINTS,spot,2126,106300,-15.2,-6.1,2.4,0
[ctrl-1] ENVIADO,CTRL,1,2127,106352,23,63,0
[ctrl-3] ENVIADO,CTRL,3,2127,106350,-21,64,0
[ctrl-nao] ENVIADO,JOINTS,nao,2054,106364,37.2,82.2,28.7,0
[ctrl-2] ENVIADO,CTRL,2,2053,106416,-30,61,0
[ctrl-pepper] ENVIADO,JOINTS,pepper,2130,106500,32.2,41.3,-19.4,0
[ctrl-spot] ENVIADO,JOINTS,spot,2130,106500,-16.7,-8.0,1.1,0
[ctrl-nao] ENVIADO,JOINTS,nao,2058,106565,27.7,80.2,29.3,0
[ctrl-1] ENVIADO,CTRL,1,2132,106602,21,61,0
[ctrl-3] ENVIADO,CTRL,3,2132,106600,-12,65,0
[ctrl-2] ENVIADO,CTRL,2,2057,106616,-27,61,0
[ctrl-pepper] ENVIADO,JOINTS,pepper,2134,106700,41.1,46.8,-17.3,0
[ctrl-spot] ENVIADO,JOINTS,spot,2135,106753,-17.8,-10.0,-0.5,0
[ctrl-3] ENVIADO,CTRL,3,2136,106800,-4,71,0
[ctrl-nao] ENVIADO,JOINTS,nao,2063,106814,14.5,76.7,29.9,0
[ctrl-2] ENVIADO,CTRL,2,2061,106816,-30,59,0
[ctrl-1] ENVIADO,CTRL,1,2137,106852,30,59,0
[ctrl-pepper] ENVIADO,JOINTS,pepper,2138,106900,48.6,52.3,-15.0,0
[ctrl-spot] ENVIADO,JOINTS,spot,2140,107000,-17.9,-11.8,-2.2,0
[ctrl-3] ENVIADO,CTRL,3,2140,107000,3,68,0
[ctrl-nao] ENVIADO,JOINTS,nao,2067,107014,3.4,73.2,30.0,0
[ctrl-2] ENVIADO,CTRL,2,2066,107066,-32,62,0
[ctrl-1] ENVIADO,CTRL,1,2142,107102,36,58,0
[ctrl-pepper] ENVIADO,JOINTS,pepper,2142,107100,54.3,57.6,-12.7,0
[ctrl-spot] ENVIADO,JOINTS,spot,2144,107200,-17.3,-13.0,-3.5,0
[ctrl-3] ENVIADO,CTRL,3,2145,107250,10,65,0
[ctrl-nao] ENVIADO,JOINTS,nao,2072,107264,-10.7,68.1,29.9,0
[ctrl-1] ENVIADO,CTRL,1,2146,107304,31,59,0
[ctrl-pepper] ENVIADO,JOINTS,pepper,2146,107301,58.1,62.7,-10.3,0
[ctrl-2] ENVIADO,CTRL,2,2071,107316,-36,60,0
[ctrl-spot] ENVIADO,JOINTS,spot,2148,107401,-16.0,-13.9,-4.7,0
[ctrl-3] ENVIADO,CTRL,3,2150,107500,15,63,0
[ctrl-nao] ENVIADO,JOINTS,nao,2077,107514,-24.2,62.2,29.3,0
[ctrl-2] ENVIADO,CTRL,2,2075,107517,-35,59,0
[ctrl-pepper] ENVIADO,JOINTS,pepper,2151,107550,60.0,68.5,-7.1,0
[ctrl-1] ENVIADO,CTRL,1,2151,107553,31,58,0
[ctrl-spot] ENVIADO,JOINTS,spot,2152,107601,-14.2,-14.5,-6.0,0
[ctrl-nao] ENVIADO,JOINTS,nao,2081,107714,-34.0,57.2,28.7,0
[ctrl-3] ENVIADO,CTRL,3,2155,107750,23,61,0
[ctrl-2] ENVIADO,CTRL,2,2080,107766,-32,60,0
[ctrl-pepper] ENVIADO,JOINTS,pepper,2156,107800,58.5,73.5,-3.9,0
[ctrl-1] ENVIADO,CTRL,1,2156,107802,37,57,0
[ctrl-spot] ENVIADO,JOINTS,spot,2157,107850,-11.3,-15.0,-7.4,0
[esclava] LEDS,OK,OK,OK,OK,OK,OK
[esclava] # [● placa/MQTT]  ● player-1  ● player-2  ● player-3  ● sim-spot  ● sim-pepper  ● sim-nao
[ctrl-nao] ENVIADO,JOINTS,nao,2086,107964,-44.6,50.5,27.6,0
[ctrl-2] ENVIADO,CTRL,2,2084,107966,-29,61,0
[ctrl-1] ESTADO,ctrl-1,127.0.0.1,-40,1
[ctrl-1] ENVIADO,CTRL,1,2160,108002,40,55,0
[ctrl-1] RTT,1
[ctrl-pepper] ESTADO,ctrl-pepper,127.0.0.1,-40,1
[ctrl-pepper] ENVIADO,JOINTS,pepper,2160,108000,55.0,77.0,-1.2,1
[ctrl-spot] ESTADO,ctrl-spot,127.0.0.1,-40,1
[ctrl-pepper] RTT,1
[ctrl-3] ESTADO,ctrl-3,127.0.0.1,-40,1
[ctrl-spot] RTT,0
[ctrl-3] ENVIADO,CTRL,3,2160,108001,12,66,0
[ctrl-3] RTT,0
[esclava] ESTADO,esclava,127.0.0.1,-40,1
[ctrl-nao] ESTADO,ctrl-nao,127.0.0.1,-40,1
[ctrl-2] ESTADO,ctrl-2,127.0.0.1,-40,1
[ctrl-nao] RTT,3
[ctrl-2] RTT,2
[ctrl-spot] ENVIADO,JOINTS,spot,2161,108053,-8.4,-15.0,-8.6,1
[ctrl-nao] ENVIADO,JOINTS,nao,2090,108164,-51.4,45.0,26.4,1
[ctrl-1] ENVIADO,CTRL,1,2164,108205,38,57,0
[ctrl-2] ENVIADO,CTRL,2,2089,108217,-28,61,0
[ctrl-3] ENVIADO,CTRL,3,2165,108251,22,66,0
[ctrl-pepper] ENVIADO,JOINTS,pepper,2165,108251,47.9,80.4,2.1,1
[ctrl-spot] ENVIADO,JOINTS,spot,2166,108300,-4.5,-14.6,-9.9,1
[ctrl-nao] ENVIADO,JOINTS,nao,2094,108364,-56.3,39.4,25.1,1
[ctrl-1] ENVIADO,CTRL,1,2169,108452,43,60,0
[ctrl-2] ENVIADO,CTRL,2,2094,108470,-26,63,0
[ctrl-pepper] ENVIADO,JOINTS,pepper,2170,108500,38.2,82.7,5.3,0
[ctrl-3] ENVIADO,CTRL,3,2170,108500,23,64,0
[ctrl-spot] ENVIADO,JOINTS,spot,2170,108502,-1.1,-14.0,-10.8,0
[ctrl-nao] ENVIADO,JOINTS,nao,2099,108614,-59.6,32.7,23.1,0
[ctrl-pepper] ENVIADO,JOINTS,pepper,2174,108700,28.9,83.7,7.9,0
[ctrl-1] ENVIADO,CTRL,1,2174,108703,37,59,0
[ctrl-2] ENVIADO,CTRL,2,2099,108716,-21,65,0
[ctrl-spot] ENVIADO,JOINTS,spot,2175,108750,3.1,-12.8,-11.9,0
[ctrl-3] ENVIADO,CTRL,3,2175,108754,29,63,0
[ctrl-nao] ENVIADO,JOINTS,nao,2104,108864,-59.6,26.3,20.9,0
[ctrl-pepper] ENVIADO,JOINTS,pepper,2178,108901,18.4,84.0,10.4,0
[ctrl-2] ENVIADO,CTRL,2,2103,108917,-15,64,0
[ctrl-1] ENVIADO,CTRL,1,2179,108952,35,57,0
[ctrl-spot] ENVIADO,JOINTS,spot,2179,108950,6.3,-11.6,-12.6,0
[ctrl-3] ENVIADO,CTRL,3,2180,109001,26,62,0
[ctrl-nao] ENVIADO,JOINTS,nao,2109,109114,-56.3,20.4,18.4,0
[ctrl-pepper] ENVIADO,JOINTS,pepper,2183,109150,4.7,83.3,13.4,0
[ctrl-2] ENVIADO,CTRL,2,2108,109166,-7,67,0
[ctrl-spot] ENVIADO,JOINTS,spot,2184,109200,10.1,-9.9,-13.5,0
[ctrl-1] ENVIADO,CTRL,1,2184,109202,33,61,0
[ctrl-3] ENVIADO,CTRL,3,2185,109250,32,63,0
[ctrl-nao] ENVIADO,JOINTS,nao,2113,109314,-51.4,16.1,16.2,0
[ctrl-2] ENVIADO,CTRL,2,2112,109367,5,67,0
[ctrl-pepper] ENVIADO,JOINTS,pepper,2188,109400,-9.4,81.4,16.3,0
[ctrl-1] ENVIADO,CTRL,1,2188,109403,28,64,0
[ctrl-spot] ENVIADO,JOINTS,spot,2189,109450,13.3,-7.8,-14.1,0
[ctrl-3] ENVIADO,CTRL,3,2189,109452,38,57,0
[ctrl-nao] ENVIADO,JOINTS,nao,2117,109516,-44.7,12.4,13.9,0
[ctrl-2] ENVIADO,CTRL,2,2116,109570,12,67,0
[ctrl-pepper] ENVIADO,JOINTS,pepper,2192,109600,-20.4,79.0,18.4,0
[ctrl-1] ENVIADO,CTRL,1,2193,109652,19,62,0
[ctrl-spot] ENVIADO,JOINTS,spot,2194,109700,15.8,-5.4,-14.6,0
[ctrl-3] ENVIADO,CTRL,3,2194,109700,32,60,0
[ctrl-nao] ENVIADO,JOINTS,nao,2122,109764,-34.2,8.7,10.9,0
[ctrl-2] ENVIADO,CTRL,2,2121,109816,13,63,0
[ctrl-pepper] ENVIADO,JOINTS,pepper,2197,109850,-33.0,75.2,20.9,0
[ctrl-1] ENVIADO,CTRL,1,2197,109852,20,63,0
[ctrl-3] ENVIADO,CTRL,3,2198,109900,32,59,0
[ctrl-spot] ENVIADO,JOINTS,spot,2198,109900,17.1,-3.5,-14.8,0
[esclava] LEDS,OK,OK,OK,OK,OK,OK
[esclava] # [● placa/MQTT]  ● player-1  ● player-2  ● player-3  ● sim-spot  ● sim-pepper  ● sim-nao
[ctrl-nao] ENVIADO,JOINTS,nao,2126,109964,-24.3,6.4,8.4,0
[ctrl-3] ESTADO,ctrl-3,127.0.0.1,-40,1
[ctrl-spot] ESTADO,ctrl-spot,127.0.0.1,-40,1
[ctrl-pepper] ESTADO,ctrl-pepper,127.0.0.1,-40,1
[ctrl-3] RTT,0
[ctrl-spot] RTT,0
[ctrl-pepper] RTT,0
[ctrl-1] ESTADO,ctrl-1,127.0.0.1,-40,1
[ctrl-1] RTT,0
[ctrl-nao] ESTADO,ctrl-nao,127.0.0.1,-40,1
[ctrl-nao] RTT,0
[ctrl-2] ESTADO,ctrl-2,127.0.0.1,-40,1
[ctrl-2] RTT,0
[esclava] ESTADO,esclava,127.0.0.1,-40,1
[ctrl-pepper] ENVIADO,JOINTS,pepper,2201,110050,-41.8,71.4,22.7,0
[ctrl-1] ENVIADO,CTRL,1,2201,110053,14,64,0
[ctrl-2] ENVIADO,CTRL,2,2126,110066,20,65,0
[ctrl-spot] ENVIADO,JOINTS,spot,2203,110150,17.9,-0.9,-15.0,0
[ctrl-3] ENVIADO,CTRL,3,2203,110150,42,57,0
[ctrl-nao] ENVIADO,JOINTS,nao,2130,110164,-13.6,4.9,5.9,0
[ctrl-pepper] ENVIADO,JOINTS,pepper,2205,110250,-49.1,67.1,24.4,0
[ctrl-1] ENVIADO,CTRL,1,2206,110302,9,70,0
[ctrl-2] ENVIADO,CTRL,2,2131,110316,19,64,0
[ctrl-3] ENVIADO,CTRL,3,2207,110350,47,57,0
[ctrl-nao] ENVIADO,JOINTS,nao,2134,110364,-2.4,4.1,3.3,0
[ctrl-spot] ENVIADO,JOINTS,spot,2208,110400,17.8,1.7,-15.0,0
[ctrl-pepper] ENVIADO,JOINTS,pepper,2210,110500,-55.8,61.2,26.1,0
[ctrl-1] ENVIADO,CTRL,1,2211,110553,-3,70,0
[ctrl-nao] ENVIADO,JOINTS,nao,2138,110565,8.9,4.1,0.6,0
[ctrl-2] ENVIADO,CTRL,2,2136,110566,18,63,0
[ctrl-3] ENVIADO,CTRL,3,2212,110600,47,58,0
[ctrl-spot] ENVIADO,JOINTS,spot,2213,110650,16.6,4.2,-14.8,0
[ctrl-pepper] ENVIADO,JOINTS,pepper,2214,110700,-58.9,56.1,27.3,0
[ctrl-1] ENVIADO,CTRL,1,2215,110755,-11,65,0
[ctrl-2] ENVIADO,CTRL,2,2140,110766,24,61,0
[ctrl-nao] ENVIADO,JOINTS,nao,2143,110814,22.4,5.1,-2.7,0
[ctrl-3] ENVIADO,CTRL,3,2217,110850,40,58,0
[ctrl-spot] ENVIADO,JOINTS,spot,2218,110900,14.6,6.6,-14.4,0
[ctrl-pepper] ENVIADO,JOINTS,pepper,2219,110950,-59.9,49.3,28.5,0
[ctrl-2] ENVIADO,CTRL,2,2144,110966,23,61,0
[ctrl-1] ENVIADO,CTRL,1,2220,111002,-20,66,0
[ctrl-nao] ENVIADO,JOINTS,nao,2147,111014,32.5,6.8,-5.3,0
[ctrl-3] ENVIADO,CTRL,3,2221,111050,35,60,0
[ctrl-spot] ENVIADO,JOINTS,spot,2222,111100,12.3,8.4,-13.9,0
[ctrl-pepper] ENVIADO,JOINTS,pepper,2224,111200,-57.6,42.4,29.4,0
[ctrl-1] ENVIADO,CTRL,1,2224,111202,-27,63,0
[ctrl-2] ENVIADO,CTRL,2,2149,111216,28,62,0
[ctrl-nao] ENVIADO,JOINTS,nao,2152,111264,43.4,9.8,-8.5,0
[ctrl-3] ENVIADO,CTRL,3,2226,111300,27,58,0
[ctrl-spot] ENVIADO,JOINTS,spot,2227,111350,8.9,10.4,-13.3,0
[ctrl-pepper] ENVIADO,JOINTS,pepper,2228,111400,-53.4,36.9,29.8,0
[ctrl-2] ENVIADO,CTRL,2,2153,111416,34,62,0
[ctrl-1] ENVIADO,CTRL,1,2229,111452,-34,56,0
[ctrl-nao] ENVIADO,JOINTS,nao,2156,111464,50.4,13.0,-11.0,0
[ctrl-3] ENVIADO,CTRL,3,2230,111500,22,61,0
[ctrl-spot] ENVIADO,JOINTS,spot,2231,111550,5.9,11.8,-12.6,0
[ctrl-2] ENVIADO,CTRL,2,2157,111616,27,61,0
[ctrl-pepper] ENVIADO,JOINTS,pepper,2233,111650,-45.6,30.3,30.0,0
[ctrl-1] ENVIADO,CTRL,1,2233,111652,-38,62,0
[ctrl-nao] ENVIADO,JOINTS,nao,2160,111665,55.6,16.8,-13.4,0
[ctrl-3] ENVIADO,CTRL,3,2235,111750,22,62,0
[ctrl-spot] ENVIADO,JOINTS,spot,2235,111753,2.5,13.0,-11.8,0
[ctrl-2] ENVIADO,CTRL,2,2162,111866,32,62,0
[ctrl-pepper] ENVIADO,JOINTS,pepper,2238,111900,-35.2,24.0,29.8,0
[ctrl-1] ENVIADO,CTRL,1,2238,111902,-39,57,0
[ctrl-nao] ENVIADO,JOINTS,nao,2165,111914,59.3,22.3,-16.3,0
[esclava] LEDS,OK,OK,OK,OK,OK,OK
[esclava] # [● placa/MQTT]  ● player-1  ● player-2  ● player-3  ● sim-spot  ● sim-pepper  ● sim-nao
[ctrl-3] ENVIADO,CTRL,3,2239,111950,24,66,0
[ctrl-1] ESTADO,ctrl-1,127.0.0.1,-40,1
[ctrl-pepper] ESTADO,ctrl-pepper,127.0.0.1,-40,1
[ctrl-3] ESTADO,ctrl-3,127.0.0.1,-40,1
[ctrl-1] RTT,0
[ctrl-3] RTT,0
[ctrl-spot] ESTADO,ctrl-spot,127.0.0.1,-40,1
[ctrl-pepper] RTT,0
[ctrl-spot] ENVIADO,JOINTS,spot,2240,112000,-1.7,14.1,-10.7,0
[ctrl-spot] RTT,0
[ctrl-nao] ESTADO,ctrl-nao,127.0.0.1,-40,1
[ctrl-nao] RTT,1
[ctrl-2] ESTADO,ctrl-2,127.0.0.1,-40,1
[ctrl-2] RTT,0
[esclava] ESTADO,esclava,127.0.0.1,-40,1
[ctrl-2] ENVIADO,CTRL,2,2166,112066,35,56,0
[ctrl-pepper] ENVIADO,JOINTS,pepper,2242,112100,-25.5,19.4,29.5,0
[ctrl-1] ENVIADO,CTRL,1,2242,112103,-46,59,0
[ctrl-nao] ENVIADO,JOINTS,nao,2169,112114,60.0,27.1,-18.4,0
[ctrl-3] ENVIADO,CTRL,3,2243,112150,11,66,0
[ctrl-spot] ENVIADO,JOINTS,spot,2244,112200,-5.0,14.7,-9.8,0
[ctrl-2] ENVIADO,CTRL,2,2170,112266,41,56,0
[ctrl-1] ENVIADO,CTRL,1,2247,112352,-53,53,0
[ctrl-3] ENVIADO,CTRL,3,2247,112350,1,68,0
[ctrl-pepper] ENVIADO,JOINTS,pepper,2247,112350,-12.1,14.4,28.7,0
[ctrl-nao] ENVIADO,JOINTS,nao,2174,112364,57.8,33.6,-20.9,0
[ctrl-spot] ENVIADO,JOINTS,spot,2248,112405,-8.2,15.0,-8.7,0
[ctrl-2] ENVIADO,CTRL,2,2175,112516,39,56,0
[ctrl-3] ENVIADO,CTRL,3,2251,112551,-3,70,0
[ctrl-nao] ENVIADO,JOINTS,nao,2178,112564,53.7,39.0,-22.7,0
[ctrl-pepper] ENVIADO,JOINTS,pepper,2252,112600,1.9,10.2,27.5,0
[ctrl-1] ENVIADO,CTRL,1,2252,112602,-48,53,0
[ctrl-spot] ENVIADO,JOINTS,spot,2253,112650,-11.7,14.9,-7.3,0
[ctrl-2] ENVIADO,CTRL,2,2179,112716,41,59,0
[ctrl-nao] ENVIADO,JOINTS,nao,2182,112764,47.7,44.5,-24.3,0
[ctrl-3] ENVIADO,CTRL,3,2256,112800,-12,68,0
[ctrl-1] ENVIADO,CTRL,1,2256,112802,-46,55,0
[ctrl-pepper] ENVIADO,JOINTS,pepper,2256,112800,13.2,7.6,26.3,0
[ctrl-spot] ENVIADO,JOINTS,spot,2258,112905,-14.6,14.4,-5.8,0
[ctrl-2] ENVIADO,CTRL,2,2184,112966,49,54,0
[ctrl-3] ENVIADO,CTRL,3,2260,113001,-18,67,0
[ctrl-nao] ENVIADO,JOINTS,nao,2187,113014,37.9,51.4,-26.1,0
[ctrl-1] ENVIADO,CTRL,1,2261,113052,-28,60,0
[ctrl-pepper] ENVIADO,JOINTS,pepper,2261,113053,26.6,5.3,24.6,0
[ctrl-spot] ENVIADO,JOINTS,spot,2263,113153,-16.6,13.5,-4.3,0
[ctrl-3] ENVIADO,CTRL,3,2264,113203,-27,58,0
[ctrl-2] ENVIADO,CTRL,2,2189,113216,43,57,0
[ctrl-1] ENVIADO,CTRL,1,2265,113253,-17,62,0
[ctrl-nao] ENVIADO,JOINTS,nao,2192,113264,26.0,58.0,-27.6,0
[ctrl-pepper] ENVIADO,JOINTS,pepper,2266,113300,38.3,4.1,22.6,0
[ctrl-spot] ENVIADO,JOINTS,spot,2268,113401,-17.8,12.2,-2.7,0
[ctrl-2] ENVIADO,CTRL,2,2193,113416,40,58,0
[ctrl-3] ENVIADO,CTRL,3,2269,113450,-29,63,0
[ctrl-nao] ENVIADO,JOINTS,nao,2196,113464,15.5,63.1,-28.5,0
[ctrl-1] ENVIADO,CTRL,1,2270,113502,-16,66,0
[ctrl-pepper] ENVIADO,JOINTS,pepper,2270,113500,46.3,4.1,20.8,0
[ctrl-spot] ENVIADO,JOINTS,spot,2273,113650,-17.9,10.6,-1.1,0
[ctrl-nao] ENVIADO,JOINTS,nao,2200,113664,4.3,67.7,-29.2,0
[ctrl-2] ENVIADO,CTRL,2,2198,113666,29,63,0
[ctrl-3] ENVIADO,CTRL,3,2274,113700,-32,59,0
[ctrl-1] ENVIADO,CTRL,1,2274,113702,-14,67,0
[ctrl-pepper] ENVIADO,JOINTS,pepper,2275,113750,53.9,5.1,18.3,0
[ctrl-2] ENVIADO,CTRL,2,2202,113867,22,61,0
[ctrl-1] ENVIADO,CTRL,1,2278,113903,-14,68,0
[ctrl-spot] ENVIADO,JOINTS,spot,2278,113905,-17.1,8.5,0.6,0
[ctrl-nao] ENVIADO,JOINTS,nao,2205,113914,-9.8,72.9,-29.8,0
[ctrl-3] ENVIADO,CTRL,3,2279,113950,-47,57,0
[esclava] LEDS,OK,OK,OK,OK,OK,OK
[esclava] # [● placa/MQTT]  ● player-1  ● player-2  ● player-3  ● sim-spot  ● sim-pepper  ● sim-nao
[ctrl-3] ESTADO,ctrl-3,127.0.0.1,-40,1
[ctrl-pepper] ESTADO,ctrl-pepper,127.0.0.1,-40,1
[ctrl-3] RTT,0
[ctrl-spot] ESTADO,ctrl-spot,127.0.0.1,-40,1
[ctrl-spot] RTT,1
[ctrl-pepper] ENVIADO,JOINTS,pepper,2280,114001,58.6,7.2,15.5,0
[ctrl-pepper] RTT,1
[ctrl-1] ESTADO,ctrl-1,127.0.0.1,-40,1
[ctrl-1] RTT,2
[esclava] ESTADO,esclava,127.0.0.1,-40,1
[ctrl-nao] ESTADO,ctrl-nao,127.0.0.1,-40,1
[ctrl-nao] RTT,0
[ctrl-2] ESTADO,ctrl-2,127.0.0.1,-40,1
[ctrl-2] RTT,0
[ctrl-nao] ENVIADO,JOINTS,nao,2209,114114,-20.7,76.5,-30.0,0
[ctrl-2] ENVIADO,CTRL,2,2207,114116,26,62,0
[ctrl-spot] ENVIADO,JOINTS,spot,2283,114150,-15.4,6.3,2.2,0
[ctrl-1] ENVIADO,CTRL,1,2283,114152,-9,69,0
[ctrl-pepper] ENVIADO,JOINTS,pepper,2284,114200,60.0,9.7,13.2,0
[ctrl-3] ENVIADO,CTRL,3,2284,114200,-59,53,0
[ctrl-2] ENVIADO,CTRL,2,2211,114316,20,67,0
[ctrl-1] ENVIADO,CTRL,1,2287,114352,-9,67,0
[ctrl-spot] ENVIADO,JOINTS,spot,2287,114350,-13.3,4.4,3.5,0
[ctrl-nao] ENVIADO,JOINTS,nao,2214,114364,-33.3,80.0,-29.9,0
[ctrl-pepper] ENVIADO,JOINTS,pepper,2288,114405,59.2,13.0,10.7,0
[ctrl-3] ENVIADO,CTRL,3,2289,114450,-53,56,0
[ctrl-nao] ENVIADO,JOINTS,nao,2218,114564,-42.0,82.1,-29.6,0
[ctrl-2] ENVIADO,CTRL,2,2216,114566,14,65,0
[ctrl-1] ENVIADO,CTRL,1,2292,114604,-10,63,0
[ctrl-spot] ENVIADO,JOINTS,spot,2292,114602,-10.1,1.9,5.1,0
[ctrl-pepper] ENVIADO,JOINTS,pepper,2293,114650,55.4,17.7,7.7,0
[ctrl-3] ENVIADO,CTRL,3,2293,114650,-44,55,0
[ctrl-2] ENVIADO,CTRL,2,2220,114766,6,68,0
[ctrl-nao] ENVIADO,JOINTS,nao,2223,114814,-50.9,83.6,-28.9,0
[ctrl-3] ENVIADO,CTRL,3,2297,114850,-36,60,0
[ctrl-spot] ENVIADO,JOINTS,spot,2297,114850,-6.4,-0.7,6.6,0
[ctrl-1] ENVIADO,CTRL,1,2297,114852,-6,69,0
[ctrl-pepper] ENVIADO,JOINTS,pepper,2297,114850,50.1,22.1,5.1,0
[ctrl-nao] ENVIADO,JOINTS,nao,2227,115014,-55.9,84.0,-28.0,0
[ctrl-2] ENVIADO,CTRL,2,2225,115016,-8,69,0
[ctrl-spot] ENVIADO,JOINTS,spot,2301,115050,-3.1,-2.8,7.8,0
[ctrl-1] ENVIADO,CTRL,1,2301,115052,-11,65,0
[ctrl-pepper] ENVIADO,JOINTS,pepper,2301,115053,42.9,27.0,2.4,0
[ctrl-3] ENVIADO,CTRL,3,2302,115100,-32,62,0
[ctrl-spot] ENVIADO,JOINTS,spot,2305,115250,0.3,-4.8,8.9,0
[ctrl-nao] ENVIADO,JOINTS,nao,2232,115264,-59.5,83.4,-26.7,0
[ctrl-2] ENVIADO,CTRL,2,2230,115266,-16,64,0
[ctrl-3] ENVIADO,CTRL,3,2306,115300,-24,62,0
[ctrl-1] ENVIADO,CTRL,1,2306,115302,-8,66,0
[ctrl-pepper] ENVIADO,JOINTS,pepper,2306,115300,32.1,33.4,-0.8,0
[ctrl-spot] ENVIADO,JOINTS,spot,2310,115500,4.5,-7.1,10.1,0
[ctrl-nao] ENVIADO,JOINTS,nao,2237,115514,-59.7,81.7,-25.0,0
[ctrl-2] ENVIADO,CTRL,2,2235,115516,-24,63,0
[ctrl-3] ENVIADO,CTRL,3,2311,115550,-18,67,0
[ctrl-1] ENVIADO,CTRL,1,2311,115553,-9,71,0
[ctrl-pepper] ENVIADO,JOINTS,pepper,2311,115550,19.4,40.2,-4.1,0
[ctrl-nao] ENVIADO,JOINTS,nao,2241,115714,-57.5,79.5,-23.4,0
[ctrl-spot] ENVIADO,JOINTS,spot,2315,115750,8.4,-9.3,11.3,0
[ctrl-3] ENVIADO,CTRL,3,2315,115750,-15,66,0
[ctrl-pepper] ENVIADO,JOINTS,pepper,2315,115750,8.4,45.7,-6.7,0
[ctrl-1] ENVIADO,CTRL,1,2315,115753,-6,68,0
[ctrl-2] ENVIADO,CTRL,2,2240,115766,-23,60,0
[ctrl-spot] ENVIADO,JOINTS,spot,2319,115950,11.2,-10.8,12.1,0
[ctrl-nao] ENVIADO,JOINTS,nao,2246,115964,-51.9,75.7,-21.3,0
[esclava] LEDS,OK,OK,OK,OK,OK,OK
[esclava] # [● placa/MQTT]  ● player-1  ● player-2  ● player-3  ● sim-spot  ● sim-pepper  ● sim-nao
[ctrl-2] ENVIADO,CTRL,2,2244,115966,-36,60,0
[ctrl-1] ESTADO,ctrl-1,127.0.0.1,-40,1
[ctrl-3] ESTADO,ctrl-3,127.0.0.1,-40,1
[ctrl-spot] ESTADO,ctrl-spot,127.0.0.1,-40,1
[ctrl-pepper] ESTADO,ctrl-pepper,127.0.0.1,-40,1
[ctrl-1] ENVIADO,CTRL,1,2320,116002,-7,70,0
[ctrl-1] RTT,2
[ctrl-3] ENVIADO,CTRL,3,2320,116000,-10,69,0
[ctrl-pepper] ENVIADO,JOINTS,pepper,2320,116001,-5.7,52.5,-9.9,0
[ctrl-spot] RTT,1
[ctrl-3] RTT,1
[ctrl-pepper] RTT,1
[ctrl-nao] ESTADO,ctrl-nao,127.0.0.1,-40,1
[ctrl-nao] RTT,0
[esclava] ESTADO,esclava,127.0.0.1,-40,1
[ctrl-2] ESTADO,ctrl-2,127.0.0.1,-40,1
[ctrl-2] RTT,0
[ctrl-spot] ENVIADO,JOINTS,spot,2323,116150,13.7,-12.2,12.8,0
[ctrl-2] ENVIADO,CTRL,2,2248,116166,-42,56,0
[ctrl-3] ENVIADO,CTRL,3,2324,116200,-5,68,0
[ctrl-nao] ENVIADO,JOINTS,nao,2251,116214,-43.5,71.1,-18.8,0
[ctrl-1] ENVIADO,CTRL,1,2325,116252,-12,66,0
[ctrl-pepper] ENVIADO,JOINTS,pepper,2325,116253,-19.6,59.2,-13.0,0
[ctrl-2] ENVIADO,CTRL,2,2252,116366,-43,53,0
[ctrl-spot] ENVIADO,JOINTS,spot,2328,116400,16.0,-13.5,13.6,0
[ctrl-nao] ENVIADO,JOINTS,nao,2255,116414,-34.9,66.8,-16.7,0
[ctrl-1] ENVIADO,CTRL,1,2329,116452,-11,66,0
[ctrl-3] ENVIADO,CTRL,3,2329,116450,-10,68,0
[ctrl-pepper] ENVIADO,JOINTS,pepper,2330,116500,-32.2,65.3,-15.8,0
[ctrl-spot] ENVIADO,JOINTS,spot,2332,116605,17.3,-14.3,14.1,0
[ctrl-2] ENVIADO,CTRL,2,2257,116616,-51,53,0
[ctrl-nao] ENVIADO,JOINTS,nao,2260,116664,-22.6,60.8,-13.8,0
[ctrl-1] ENVIADO,CTRL,1,2334,116702,-15,66,0
[ctrl-3] ENVIADO,CTRL,3,2334,116700,-9,67,0
[ctrl-pepper] ENVIADO,JOINTS,pepper,2335,116753,-43.2,70.8,-18.5,0
[ctrl-2] ENVIADO,CTRL,2,2261,116816,-52,53,0
[ctrl-spot] ENVIADO,JOINTS,spot,2337,116850,18.0,-14.8,14.6,0
[ctrl-3] ENVIADO,CTRL,3,2338,116900,-7,65,0
[ctrl-1] ENVIADO,CTRL,1,2338,116903,-15,65,0
[ctrl-nao] ENVIADO,JOINTS,nao,2265,116914,-9.0,54.3,-10.8,0
[ctrl-pepper] ENVIADO,JOINTS,pepper,2340,117000,-51.7,75.5,-21.0,0
[ctrl-spot] ENVIADO,JOINTS,spot,2341,117053,17.8,-15.0,14.8,0
[ctrl-2] ENVIADO,CTRL,2,2266,117066,-50,54,0
[ctrl-1] ENVIADO,CTRL,1,2342,117104,-12,64,0
[ctrl-3] ENVIADO,CTRL,3,2343,117150,-7,66,0
[ctrl-nao] ENVIADO,JOINTS,nao,2270,117167,5.3,47.4,-7.7,0
[ctrl-pepper] ENVIADO,JOINTS,pepper,2345,117250,-57.4,79.3,-23.2,0
[ctrl-2] ENVIADO,CTRL,2,2270,117267,-41,59,0
[ctrl-spot] ENVIADO,JOINTS,spot,2346,117302,16.7,-14.8,15.0,0
[ctrl-1] ENVIADO,CTRL,1,2347,117352,-17,65,0
[ctrl-3] ENVIADO,CTRL,3,2347,117350,-11,66,0
[ctrl-nao] ENVIADO,JOINTS,nao,2275,117414,18.9,40.6,-4.5,0
[ctrl-pepper] ENVIADO,JOINTS,pepper,2349,117450,-59.6,81.5,-24.8,0
[ctrl-2] ENVIADO,CTRL,2,2275,117516,-30,61,0
[ctrl-1] ENVIADO,CTRL,1,2351,117552,-16,66,0
[ctrl-spot] ENVIADO,JOINTS,spot,2351,117550,14.7,-14.1,15.0,0
[ctrl-3] ENVIADO,CTRL,3,2352,117600,-6,66,0
[ctrl-nao] ENVIADO,JOINTS,nao,2280,117664,31.7,33.8,-1.2,0
[ctrl-pepper] ENVIADO,JOINTS,pepper,2354,117701,-59.5,83.4,-26.5,0
[ctrl-spot] ENVIADO,JOINTS,spot,2355,117750,12.5,-13.3,14.8,0
[ctrl-2] ENVIADO,CTRL,2,2280,117766,-23,63,0
[ctrl-1] ENVIADO,CTRL,1,2356,117802,-23,64,0
[ctrl-3] ENVIADO,CTRL,3,2357,117850,-13,67,0
[ctrl-nao] ENVIADO,JOINTS,nao,2284,117864,40.7,28.6,1.4,0
[ctrl-pepper] ENVIADO,JOINTS,pepper,2359,117950,-56.1,84.0,-27.9,0
[ctrl-spot] ENVIADO,JOINTS,spot,2359,117950,9.9,-12.2,14.5,0
[ctrl-2] ENVIADO,CTRL,2,2284,117966,-16,65,0
[esclava] LEDS,OK,OK,OK,OK,OK,OK
[esclava] # [● placa/MQTT]  ● player-1  ● player-2  ● player-3  ● sim-spot  ● sim-pepper  ● sim-nao
[ctrl-1] ESTADO,ctrl-1,127.0.0.1,-40,1
[ctrl-1] ENVIADO,CTRL,1,2360,118002,-22,63,0
[ctrl-spot] ESTADO,ctrl-spot,127.0.0.1,-40,1
[ctrl-pepper] ESTADO,ctrl-pepper,127.0.0.1,-40,1
[ctrl-pepper] RTT,0
[ctrl-spot] RTT,0
[ctrl-1] RTT,1
[ctrl-3] ESTADO,ctrl-3,127.0.0.1,-40,1
[ctrl-3] RTT,1
[ctrl-nao] ESTADO,ctrl-nao,127.0.0.1,-40,1
[ctrl-nao] RTT,0
[ctrl-2] ESTADO,ctrl-2,127.0.0.1,-40,1
[ctrl-2] RTT,0
[esclava] ESTADO,esclava,127.0.0.1,-40,1
[ctrl-3] ENVIADO,CTRL,3,2361,118050,-14,67,0
[ctrl-nao] ENVIADO,JOINTS,nao,2289,118114,49.8,22.4,4.7,0
[ctrl-spot] ENVIADO,JOINTS,spot,2364,118200,6.1,-10.5,14.0,0
[ctrl-pepper] ENVIADO,JOINTS,pepper,2364,118200,-49.6,83.5,-28.9,0
[ctrl-2] ENVIADO,CTRL,2,2289,118216,-19,64,0
[ctrl-3] ENVIADO,CTRL,3,2365,118251,-12,64,0
[ctrl-1] ENVIADO,CTRL,1,2365,118253,-23,61,0
[ctrl-nao] ENVIADO,JOINTS,nao,2293,118314,55.2,18.0,7.3,0
[ctrl-spot] ENVIADO,JOINTS,spot,2369,118450,2.0,-8.5,13.4,0
[ctrl-pepper] ENVIADO,JOINTS,pepper,2369,118450,-40.3,81.7,-29.6,0
[ctrl-2] ENVIADO,CTRL,2,2294,118466,-14,65,0
[ctrl-3] ENVIADO,CTRL,3,2370,118500,-13,66,0
[ctrl-1] ENVIADO,CTRL,1,2370,118502,-18,62,0
[ctrl-nao] ENVIADO,JOINTS,nao,2297,118514,58.6,14.1,9.8,0
[ctrl-3] ENVIADO,CTRL,3,2374,118700,-9,65,0
[ctrl-spot] ENVIADO,JOINTS,spot,2374,118700,-2.2,-6.3,12.6,0
[ctrl-pepper] ENVIADO,JOINTS,pepper,2374,118700,-28.9,78.9,-30.0,0
[ctrl-2] ENVIADO,CTRL,2,2299,118716,-7,67,0
[ctrl-1] ENVIADO,CTRL,1,2375,118753,-31,60,0
[ctrl-nao] ENVIADO,JOINTS,nao,2302,118764,60.0,9.9,12.9,0
[ctrl-2] ENVIADO,CTRL,2,2303,118916,-6,67,0
[ctrl-3] ENVIADO,CTRL,3,2379,118950,-9,65,0
[ctrl-spot] ENVIADO,JOINTS,spot,2379,118950,-6.3,-3.9,11.6,0
[ctrl-pepper] ENVIADO,JOINTS,pepper,2379,118950,-15.8,75.0,-29.9,0
[ctrl-1] ENVIADO,CTRL,1,2380,119002,-25,65,0
[ctrl-nao] ENVIADO,JOINTS,nao,2307,119014,58.0,6.8,15.8,0
[ctrl-pepper] ENVIADO,JOINTS,pepper,2383,119150,-4.7,71.2,-29.7,0
[ctrl-3] ENVIADO,CTRL,3,2383,119150,-17,67,0
[ctrl-2] ENVIADO,CTRL,2,2308,119166,-9,67,0
[ctrl-spot] ENVIADO,JOINTS,spot,2384,119200,-10.1,-1.3,10.5,0
[ctrl-1] ENVIADO,CTRL,1,2384,119203,-26,62,0
[ctrl-nao] ENVIADO,JOINTS,nao,2311,119214,54.1,5.2,18.0,0
[ctrl-3] ENVIADO,CTRL,3,2387,119350,-13,65,0
[ctrl-pepper] ENVIADO,JOINTS,pepper,2387,119350,6.6,66.9,-29.2,0
[ctrl-2] ENVIADO,CTRL,2,2312,119366,-5,67,0
[ctrl-spot] ENVIADO,JOINTS,spot,2388,119401,-12.7,0.8,9.5,0
[ctrl-nao] ENVIADO,JOINTS,nao,2315,119414,48.3,4.2,20.0,0
[ctrl-1] ENVIADO,CTRL,1,2389,119452,-20,63,0
[ctrl-3] ENVIADO,CTRL,3,2392,119600,-17,65,0
[ctrl-spot] ENVIADO,JOINTS,spot,2392,119601,-14.9,2.8,8.4,0
[ctrl-pepper] ENVIADO,JOINTS,pepper,2392,119601,20.4,60.9,-28.2,0
[ctrl-2] ENVIADO,CTRL,2,2317,119616,-10,69,0
[ctrl-1] ENVIADO,CTRL,1,2393,119653,-20,62,0
[ctrl-nao] ENVIADO,JOINTS,nao,2320,119664,38.7,4.1,22.3,0
[ctrl-2] ENVIADO,CTRL,2,2321,119816,-10,64,0
[ctrl-3] ENVIADO,CTRL,3,2397,119850,-20,64,0
[ctrl-pepper] ENVIADO,JOINTS,pepper,2397,119850,33.0,54.5,-26.9,0
[ctrl-spot] ENVIADO,JOINTS,spot,2397,119850,-16.8,5.3,7.0,0
[ctrl-1] ENVIADO,CTRL,1,2398,119902,-10,66,0
[ctrl-nao] ENVIADO,JOINTS,nao,2325,119914,26.9,5.2,24.4,0
[esclava] LEDS,OK,OK,OK,OK,OK,OK
[esclava] # [● placa/MQTT]  ● player-1  ● player-2  ● player-3  ● sim-spot  ● sim-pepper  ● sim-nao
[ctrl-1] ESTADO,ctrl-1,127.0.0.1,-40,1
[ctrl-spot] ESTADO,ctrl-spot,127.0.0.1,-40,1
[ctrl-spot] RTT,0
[ctrl-pepper] ESTADO,ctrl-pepper,127.0.0.1,-40,1
[ctrl-pepper] RTT,0
[ctrl-1] RTT,0
[ctrl-3] ESTADO,ctrl-3,127.0.0.1,-40,1
[ctrl-3] RTT,1
[ctrl-nao] ESTADO,ctrl-nao,127.0.0.1,-40,1
[ctrl-nao] RTT,0
[ctrl-2] ESTADO,ctrl-2,127.0.0.1,-40,1
[ctrl-2] RTT,1
[esclava] ESTADO,esclava,127.0.0.1,-40,1
[ctrl-2] ENVIADO,CTRL,2,2326,120066,-9,67,0
[ctrl-spot] ENVIADO,JOINTS,spot,2402,120100,-17.9,7.6,5.5,1
[ctrl-3] ENVIADO,CTRL,3,2402,120100,-20,62,0
[ctrl-pepper] ENVIADO,JOINTS,pepper,2402,120100,43.8,47.7,-25.3,1
[ctrl-nao] ENVIADO,JOINTS,nao,2329,120114,16.4,6.9,25.8,1
[ctrl-1] ENVIADO,CTRL,1,2403,120152,3,69,0
[ctrl-2] ENVIADO,CTRL,2,2330,120266,-7,68,0
[ctrl-3] ENVIADO,CTRL,3,2406,120300,-22,63,0
[ctrl-nao] ENVIADO,JOINTS,nao,2333,120314,5.3,9.3,27.1,1
[ctrl-1] ENVIADO,CTRL,1,2407,120352,16,65,0
[ctrl-pepper] ENVIADO,JOINTS,pepper,2407,120350,52.1,40.8,-23.4,1
[ctrl-spot] ENVIADO,JOINTS,spot,2407,120350,-17.9,9.7,3.9,1
[ctrl-3] ENVIADO,CTRL,3,2410,120500,-27,61,0
[ctrl-2] ENVIADO,CTRL,2,2335,120516,-7,65,0
[ctrl-1] ENVIADO,CTRL,1,2411,120553,31,58,0
[ctrl-spot] ENVIADO,JOINTS,spot,2411,120551,-17.2,11.2,2.7,0
[ctrl-pepper] ENVIADO,JOINTS,pepper,2411,120550,56.8,35.3,-21.6,0
[ctrl-nao] ENVIADO,JOINTS,nao,2338,120565,-8.9,13.2,28.3,0
[ctrl-1] ENVIADO,CTRL,1,2415,120752,32,63,0
[ctrl-3] ENVIADO,CTRL,3,2415,120750,-26,63,0
[ctrl-2] ENVIADO,CTRL,2,2340,120766,-11,67,0
[ctrl-spot] ENVIADO,JOINTS,spot,2416,120800,-15.5,12.8,1.0,0
[ctrl-pepper] ENVIADO,JOINTS,pepper,2416,120800,59.7,28.7,-19.2,0
[ctrl-nao] ENVIADO,JOINTS,nao,2343,120814,-22.4,18.0,29.2,0
[ctrl-3] ENVIADO,CTRL,3,2419,120951,-29,62,0
[ctrl-2] ENVIADO,CTRL,2,2344,120967,-13,66,0
[ctrl-1] ENVIADO,CTRL,1,2420,121003,42,59,0
[ctrl-spot] ENVIADO,JOINTS,spot,2420,121000,-13.5,13.7,-0.3,0
[ctrl-pepper] ENVIADO,JOINTS,pepper,2420,121000,59.7,23.8,-17.1,0
[ctrl-nao] ENVIADO,JOINTS,nao,2347,121014,-32.5,22.5,29.7,0
[ctrl-1] ENVIADO,CTRL,1,2424,121202,47,54,0
[ctrl-3] ENVIADO,CTRL,3,2424,121200,-27,60,0
[ctrl-2] ENVIADO,CTRL,2,2349,121216,-9,65,0
[ctrl-pepper] ENVIADO,JOINTS,pepper,2425,121250,56.7,18.2,-14.3,0
[ctrl-spot] ENVIADO,JOINTS,spot,2425,121250,-10.4,14.6,-1.9,0
[ctrl-nao] ENVIADO,JOINTS,nao,2352,121264,-43.4,28.6,30.0,0
[ctrl-3] ENVIADO,CTRL,3,2428,121400,-20,63,0
[ctrl-2] ENVIADO,CTRL,2,2353,121416,-15,65,0
[ctrl-1] ENVIADO,CTRL,1,2429,121453,58,53,0
[ctrl-pepper] ENVIADO,JOINTS,pepper,2429,121450,52.1,14.2,-11.9,0
[ctrl-spot] ENVIADO,JOINTS,spot,2429,121450,-7.4,14.9,-3.2,0
[ctrl-nao] ENVIADO,JOINTS,nao,2357,121514,-51.8,35.2,29.9,0
[ctrl-2] ENVIADO,CTRL,2,2357,121616,-14,64,0
[ctrl-3] ENVIADO,CTRL,3,2433,121650,-20,64,0
[ctrl-nao] ENVIADO,JOINTS,nao,2361,121714,-56.6,40.6,29.6,0
[ctrl-pepper] ENVIADO,JOINTS,pepper,2434,121808,39.3,8.6,-7.5,0
[ctrl-spot] ENVIADO,JOINTS,spot,2434,121808,-1.6,14.8,-5.5,0
[ctrl-1] ENVIADO,CTRL,1,2434,121810,60,52,0
[ctrl-3] ENVIADO,CTRL,3,2437,121850,-14,67,0
[ctrl-2] ENVIADO,CTRL,2,2362,121866,-17,65,0
[ctrl-nao] ENVIADO,JOINTS,nao,2366,121964,-59.7,47.5,28.8,0
[esclava] LEDS,OK,OK,OK,OK,OK,OK
[esclava] # [● placa/MQTT]  ● player-1  ● player-2  ● player-3  ● sim-spot  ● sim-pepper  ● sim-nao
[ctrl-1] ESTADO,ctrl-1,127.0.0.1,-40,1
[ctrl-1] RTT,1
[ctrl-3] ESTADO,ctrl-3,127.0.0.1,-40,1
[ctrl-3] RTT,1
[ctrl-spot] ESTADO,ctrl-spot,127.0.0.1,-40,1
[ctrl-spot] RTT,0
[ctrl-pepper] ESTADO,ctrl-pepper,127.0.0.1,-40,1
[ctrl-pepper] RTT,0
[ctrl-nao] ESTADO,ctrl-nao,127.0.0.1,-40,1
[ctrl-nao] RTT,1
[ctrl-2] ESTADO,ctrl-2,127.0.0.1,-40,1
[ctrl-2] RTT,0
[esclava] ESTADO,esclava,127.0.0.1,-40,1
[ctrl-pepper] ENVIADO,JOINTS,pepper,2441,122050,28.0,6.0,-4.3,0
[ctrl-1] ENVIADO,CTRL,1,2441,122053,36,61,0
[ctrl-3] ENVIADO,CTRL,3,2441,122050,-8,69,0
[ctrl-spot] ENVIADO,JOINTS,spot,2441,122051,2.5,14.3,-6.9,0
[ctrl-2] ENVIADO,CTRL,2,2367,122116,-12,63,0
[ctrl-nao] ENVIADO,JOINTS,nao,2371,122214,-59.5,54.3,27.7,0
[ctrl-1] ENVIADO,CTRL,1,2445,122252,31,63,0
[ctrl-pepper] ENVIADO,JOINTS,pepper,2446,122300,14.9,4.4,-1.1,0
[ctrl-3] ENVIADO,CTRL,3,2446,122300,5,67,0
[ctrl-spot] ENVIADO,JOINTS,spot,2446,122300,6.6,13.3,-8.4,0
[ctrl-2] ENVIADO,CTRL,2,2371,122316,-19,64,0
[ctrl-nao] ENVIADO,JOINTS,nao,2376,122464,-56.0,60.8,26.3,0
[ctrl-1] ENVIADO,CTRL,1,2450,122502,24,66,0
[ctrl-pepper] ENVIADO,JOINTS,pepper,2451,122550,0.9,4.0,2.2,0
[ctrl-spot] ENVIADO,JOINTS,spot,2451,122550,10.3,11.9,-9.7,0
[ctrl-3] ENVIADO,CTRL,3,2451,122550,26,64,0
[ctrl-2] ENVIADO,CTRL,2,2376,122566,-20,65,0
[ctrl-nao] ENVIADO,JOINTS,nao,2380,122664,-51.0,65.7,25.0,0
[ctrl-1] ENVIADO,CTRL,1,2454,122702,32,62,0
[ctrl-spot] ENVIADO,JOINTS,spot,2455,122750,12.9,10.5,-10.6,0
[ctrl-pepper] ENVIADO,JOINTS,pepper,2455,122750,-10.3,4.6,4.9,0
[ctrl-3] ENVIADO,CTRL,3,2455,122750,24,63,0
[ctrl-2] ENVIADO,CTRL,2,2380,122766,-29,62,0
[ctrl-1] ENVIADO,CTRL,1,2458,122902,29,64,0
[ctrl-nao] ENVIADO,JOINTS,nao,2385,122914,-42.2,71.1,23.0,0
[ctrl-spot] ENVIADO,JOINTS,spot,2459,122950,15.0,8.9,-11.5,0
[ctrl-2] ENVIADO,CTRL,2,2384,122966,-18,63,0
[ctrl-pepper] ENVIADO,JOINTS,pepper,2460,123000,-23.9,6.3,8.1,0
[ctrl-3] ENVIADO,CTRL,3,2460,123001,42,57,0
[ctrl-spot] ENVIADO,JOINTS,spot,2463,123150,16.6,7.2,-12.3,0
[ctrl-1] ENVIADO,CTRL,1,2463,123152,20,65,0
[ctrl-nao] ENVIADO,JOINTS,nao,2390,123164,-31.0,75.8,20.7,0
[ctrl-2] ENVIADO,CTRL,2,2389,123216,-26,62,0
[ctrl-3] ENVIADO,CTRL,3,2465,123250,50,56,0
[ctrl-pepper] ENVIADO,JOINTS,pepper,2465,123250,-36.1,9.2,11.2,0
[ctrl-1] ENVIADO,CTRL,1,2467,123352,18,65,0
[ctrl-nao] ENVIADO,JOINTS,nao,2394,123364,-20.8,78.8,18.7,0
[ctrl-spot] ENVIADO,JOINTS,spot,2468,123400,17.8,4.8,-13.2,0
[ctrl-2] ENVIADO,CTRL,2,2393,123416,-26,63,0
[ctrl-3] ENVIADO,CTRL,3,2470,123500,51,55,0
[ctrl-pepper] ENVIADO,JOINTS,pepper,2470,123500,-46.3,13.1,14.2,0
[ctrl-1] ENVIADO,CTRL,1,2472,123602,18,63,0
[ctrl-spot] ENVIADO,JOINTS,spot,2472,123600,18.0,2.8,-13.8,0
[ctrl-nao] ENVIADO,JOINTS,nao,2399,123614,-7.1,81.7,16.0,0
[ctrl-2] ENVIADO,CTRL,2,2398,123666,-32,63,0
[ctrl-3] ENVIADO,CTRL,3,2475,123750,50,53,0
[ctrl-pepper] ENVIADO,JOINTS,pepper,2475,123750,-53.9,17.9,17.0,0
[ctrl-1] ENVIADO,CTRL,1,2476,123802,20,60,0
[ctrl-nao] ENVIADO,JOINTS,nao,2403,123814,4.2,83.2,13.8,0
[ctrl-spot] ENVIADO,JOINTS,spot,2477,123850,17.4,0.2,-14.3,0
[ctrl-2] ENVIADO,CTRL,2,2403,123916,-25,62,0
[ctrl-pepper] ENVIADO,JOINTS,pepper,2479,123950,-57.9,22.3,19.1,0
[esclava] LEDS,OK,OK,OK,OK,OK,OK
[esclava] # [● placa/MQTT]  ● player-1  ● player-2  ● player-3  ● sim-spot  ● sim-pepper  ● sim-nao
[ctrl-1] ESTADO,ctrl-1,127.0.0.1,-40,1
[ctrl-1] ENVIADO,CTRL,1,2480,124002,13,65,0
[ctrl-3] ESTADO,ctrl-3,127.0.0.1,-40,1
[ctrl-3] ENVIADO,CTRL,3,2480,124000,40,57,0
[ctrl-1] RTT,0
[ctrl-pepper] ESTADO,ctrl-pepper,127.0.0.1,-40,1
[ctrl-spot] ESTADO,ctrl-spot,127.0.0.1,-40,1
[ctrl-spot] RTT,0
[ctrl-pepper] RTT,0
[ctrl-3] RTT,0
[ctrl-nao] ESTADO,ctrl-nao,127.0.0.1,-40,1
[ctrl-nao] ENVIADO,JOINTS,nao,2407,124014,15.3,83.9,11.4,0
[ctrl-nao] RTT,0
[ctrl-2] ESTADO,ctrl-2,127.0.0.1,-40,1
[ctrl-2] RTT,0
[esclava] ESTADO,esclava,127.0.0.1,-40,1
[ctrl-spot] ENVIADO,JOINTS,spot,2481,124050,16.2,-1.8,-14.7,0
[ctrl-2] ENVIADO,CTRL,2,2408,124166,-13,66,0
[ctrl-pepper] ENVIADO,JOINTS,pepper,2484,124200,-60.0,28.4,21.5,0
[ctrl-1] ENVIADO,CTRL,1,2485,124252,10,68,0
[ctrl-3] ENVIADO,CTRL,3,2485,124250,37,58,0
[ctrl-nao] ENVIADO,JOINTS,nao,2412,124264,28.4,83.8,8.2,0
[ctrl-spot] ENVIADO,JOINTS,spot,2486,124300,13.9,-4.4,-14.9,0
[ctrl-2] ENVIADO,CTRL,2,2413,124416,-8,65,0
[ctrl-pepper] ENVIADO,JOINTS,pepper,2489,124450,-58.7,35.0,23.7,0
[ctrl-3] ENVIADO,CTRL,3,2489,124450,31,57,0
[ctrl-1] ENVIADO,CTRL,1,2490,124502,9,68,0
[ctrl-nao] ENVIADO,JOINTS,nao,2417,124514,40.0,82.4,5.0,0
[ctrl-spot] ENVIADO,JOINTS,spot,2491,124550,10.8,-6.8,-15.0,0
[ctrl-2] ENVIADO,CTRL,2,2417,124616,-3,69,0
[ctrl-3] ENVIADO,CTRL,3,2493,124650,23,64,0
[ctrl-pepper] ENVIADO,JOINTS,pepper,2493,124650,-55.4,40.4,25.2,0
[ctrl-1] ENVIADO,CTRL,1,2495,124752,-5,69,0
[ctrl-nao] ENVIADO,JOINTS,nao,2422,124764,49.3,80.0,1.8,0
[ctrl-spot] ENVIADO,JOINTS,spot,2496,124800,7.2,-9.0,-14.9,0
[ctrl-2] ENVIADO,CTRL,2,2421,124816,9,66,0
[ctrl-3] ENVIADO,CTRL,3,2497,124850,24,64,0
[ctrl-pepper] ENVIADO,JOINTS,pepper,2497,124850,-50.1,46.0,26.5,0
[ctrl-1] ENVIADO,CTRL,1,2500,125002,-14,66,0
[ctrl-nao] ENVIADO,JOINTS,nao,2427,125014,55.9,76.4,-1.5,0
[ctrl-2] ENVIADO,CTRL,2,2425,125016,29,63,0
[ctrl-spot] ENVIADO,JOINTS,spot,2501,125050,3.1,-10.9,-14.6,0
[ctrl-3] ENVIADO,CTRL,3,2502,125100,28,61,0
[ctrl-pepper] ENVIADO,JOINTS,pepper,2502,125100,-41.0,52.8,27.9,0
[ctrl-1] ENVIADO,CTRL,1,2504,125202,-24,65,0
[ctrl-nao] ENVIADO,JOINTS,nao,2431,125214,59.0,72.9,-4.2,0
[ctrl-spot] ENVIADO,JOINTS,spot,2505,125250,-0.3,-12.2,-14.2,0
[ctrl-2] ENVIADO,CTRL,2,2430,125266,38,60,0
[ctrl-3] ENVIADO,CTRL,3,2506,125300,19,63,0
[ctrl-pepper] ENVIADO,JOINTS,pepper,2507,125350,-29.7,59.4,29.0,0
[ctrl-1] ENVIADO,CTRL,1,2509,125452,-29,63,0
[ctrl-nao] ENVIADO,JOINTS,nao,2436,125464,59.9,67.7,-7.4,0
[ctrl-spot] ENVIADO,JOINTS,spot,2510,125500,-4.5,-13.5,-13.6,0
[ctrl-2] ENVIADO,CTRL,2,2435,125516,40,59,0
[ctrl-3] ENVIADO,CTRL,3,2511,125550,23,63,0
[ctrl-pepper] ENVIADO,JOINTS,pepper,2512,125600,-16.7,65.5,29.6,0
[ctrl-1] ENVIADO,CTRL,1,2513,125652,-32,59,0
[ctrl-nao] ENVIADO,JOINTS,nao,2440,125664,58.3,63.0,-9.9,0
[ctrl-spot] ENVIADO,JOINTS,spot,2514,125700,-7.6,-14.3,-13.0,0
[ctrl-2] ENVIADO,CTRL,2,2439,125716,43,55,0
[ctrl-3] ENVIADO,CTRL,3,2516,125800,15,63,0
[ctrl-pepper] ENVIADO,JOINTS,pepper,2517,125852,-2.7,71.0,30.0,0
[ctrl-1] ENVIADO,CTRL,1,2518,125902,-32,61,0
[ctrl-spot] ENVIADO,JOINTS,spot,2518,125900,-10.6,-14.8,-12.3,0
[ctrl-nao] ENVIADO,JOINTS,nao,2445,125914,53.3,56.7,-13.0,0
[ctrl-2] ENVIADO,CTRL,2,2444,125966,56,52,0
[esclava] LEDS,OK,OK,OK,OK,OK,OK
[esclava] # [● placa/MQTT]  ● player-1  ● player-2  ● player-3  ● sim-spot  ● sim-pepper  ● sim-nao
[ctrl-3] ESTADO,ctrl-3,127.0.0.1,-40,1
[ctrl-pepper] ESTADO,ctrl-pepper,127.0.0.1,-40,1
[ctrl-pepper] RTT,0
[ctrl-1] ESTADO,ctrl-1,127.0.0.1,-40,1
[ctrl-1] RTT,1
[ctrl-spot] ESTADO,ctrl-spot,127.0.0.1,-40,1
[ctrl-spot] RTT,0
[ctrl-3] RTT,1
[ctrl-nao] ESTADO,ctrl-nao,127.0.0.1,-40,1
[ctrl-nao] RTT,0
[ctrl-2] ESTADO,ctrl-2,127.0.0.1,-40,1
[ctrl-2] RTT,0
[esclava] ESTADO,esclava,127.0.0.1,-40,1
[ctrl-3] ENVIADO,CTRL,3,2521,126050,12,65,0
[ctrl-pepper] ENVIADO,JOINTS,pepper,2522,126100,11.3,75.6,29.9,0
[ctrl-nao] ENVIADO,JOINTS,nao,2449,126114,47.2,51.3,-15.3,0
[ctrl-1] ENVIADO,CTRL,1,2523,126152,-35,57,0
[ctrl-spot] ENVIADO,JOINTS,spot,2523,126150,-13.7,-15.0,-11.3,0
[ctrl-2] ENVIADO,CTRL,2,2449,126216,52,55,0
[ctrl-3] ENVIADO,CTRL,3,2526,126300,5,67,0
[ctrl-pepper] ENVIADO,JOINTS,pepper,2527,126350,24.7,79.4,29.5,0
[ctrl-nao] ENVIADO,JOINTS,nao,2454,126364,37.2,44.5,-18.0,0
[ctrl-1] ENVIADO,CTRL,1,2528,126402,-44,57,0
[ctrl-spot] ENVIADO,JOINTS,spot,2528,126400,-16.0,-14.8,-10.2,0
[ctrl-2] ENVIADO,CTRL,2,2453,126416,50,52,0
[ctrl-3] ENVIADO,CTRL,3,2530,126500,6,68,0
[ctrl-pepper] ENVIADO,JOINTS,pepper,2531,126550,34.5,81.6,29.0,0
[ctrl-nao] ENVIADO,JOINTS,nao,2458,126564,27.7,39.0,-20.1,0
[ctrl-1] ENVIADO,CTRL,1,2532,126602,-50,54,0
[ctrl-spot] ENVIADO,JOINTS,spot,2532,126600,-17.3,-14.3,-9.2,0
[ctrl-2] ENVIADO,CTRL,2,2457,126616,41,58,0
[ctrl-3] ENVIADO,CTRL,3,2535,126750,0,69,0
[ctrl-nao] ENVIADO,JOINTS,nao,2462,126764,17.2,33.5,-22.0,0
[ctrl-pepper] ENVIADO,JOINTS,pepper,2536,126802,45.1,83.4,27.9,0
[ctrl-spot] ENVIADO,JOINTS,spot,2536,126802,-17.9,-13.5,-8.1,0
[ctrl-1] ENVIADO,CTRL,1,2537,126853,-53,55,0
[ctrl-2] ENVIADO,CTRL,2,2462,126866,30,60,0
[ctrl-3] ENVIADO,CTRL,3,2539,126950,-5,67,0
[ctrl-nao] ENVIADO,JOINTS,nao,2467,127014,3.4,27.1,-24.1,0
[ctrl-spot] ENVIADO,JOINTS,spot,2541,127050,-17.8,-12.2,-6.7,0
[ctrl-pepper] ENVIADO,JOINTS,pepper,2541,127050,53.0,84.0,26.6,0
[ctrl-1] ENVIADO,CTRL,1,2542,127102,-54,54,0
[ctrl-2] ENVIADO,CTRL,2,2467,127116,25,62,0
[ctrl-3] ENVIADO,CTRL,3,2543,127153,-17,66,0
[ctrl-nao] ENVIADO,JOINTS,nao,2471,127214,-7.9,22.2,-25.5,0
[ctrl-spot] ENVIADO,JOINTS,spot,2546,127300,-16.7,-10.5,-5.2,0
[ctrl-pepper] ENVIADO,JOINTS,pepper,2546,127300,58.1,83.4,24.9,0
[ctrl-1] ENVIADO,CTRL,1,2546,127302,-42,58,0
[ctrl-2] ENVIADO,CTRL,2,2471,127316,26,60,0
[ctrl-3] ENVIADO,CTRL,3,2548,127401,-22,64,0
[ctrl-nao] ENVIADO,JOINTS,nao,2475,127414,-18.9,17.8,-26.8,0
[ctrl-1] ENVIADO,CTRL,1,2550,127502,-34,58,0
[ctrl-spot] ENVIADO,JOINTS,spot,2550,127500,-15.2,-8.9,-3.9,0
[ctrl-pepper] ENVIADO,JOINTS,pepper,2550,127500,59.9,82.1,23.3,0
[ctrl-2] ENVIADO,CTRL,2,2476,127566,30,60,0
[ctrl-3] ENVIADO,CTRL,3,2552,127601,-25,62,0
[ctrl-nao] ENVIADO,JOINTS,nao,2479,127615,-29.3,13.9,-27.9,0
[ctrl-1] ENVIADO,CTRL,1,2554,127704,-25,63,0
[ctrl-spot] ENVIADO,JOINTS,spot,2554,127701,-13.1,-7.1,-2.6,0
[ctrl-pepper] ENVIADO,JOINTS,pepper,2555,127753,59.1,79.4,21.1,0
[ctrl-2] ENVIADO,CTRL,2,2481,127818,22,64,0
[ctrl-3] ENVIADO,CTRL,3,2557,127850,-35,60,0
[ctrl-nao] ENVIADO,JOINTS,nao,2484,127865,-40.7,9.8,-28.9,0
[ctrl-1] ENVIADO,CTRL,1,2559,127952,-19,64,0
[ctrl-spot] ENVIADO,JOINTS,spot,2559,127950,-9.9,-4.8,-1.0,0
[ctrl-1] ESTADO,ctrl-1,127.0.0.1,-40,1
[ctrl-pepper] ESTADO,ctrl-pepper,127.0.0.1,-40,1
[ctrl-pepper] ENVIADO,JOINTS,pepper,2560,128000,55.1,75.7,18.6,0
[ctrl-3] ESTADO,ctrl-3,127.0.0.1,-40,1
[ctrl-spot] ESTADO,ctrl-spot,127.0.0.1,-40,1
[ctrl-spot] RTT,0
[ctrl-pepper] RTT,0
[ctrl-3] RTT,0
[ctrl-1] RTT,1
[esclava] ESTADO,esclava,127.0.0.1,-40,1
[esclava] LEDS,OK,OK,OK,OK,OK,OK
[esclava] # [● placa/MQTT]  ● player-1  ● player-2  ● player-3  ● sim-spot  ● sim-pepper  ● sim-nao
[ctrl-nao] ESTADO,ctrl-nao,127.0.0.1,-40,1
[ctrl-nao] RTT,1
[ctrl-2] ESTADO,ctrl-2,127.0.0.1,-40,1
[ctrl-2] RTT,0
[ctrl-3] ENVIADO,CTRL,3,2561,128050,-39,58,0
[ctrl-2] ENVIADO,CTRL,2,2486,128066,20,62,0
[ctrl-nao] ENVIADO,JOINTS,nao,2489,128114,-49.8,6.8,-29.6,0
[ctrl-1] ENVIADO,CTRL,1,2563,128155,-13,65,0
[ctrl-spot] ENVIADO,JOINTS,spot,2563,128152,-6.9,-2.7,0.4,0
[ctrl-pepper] ENVIADO,JOINTS,pepper,2565,128251,47.9,71.0,15.9,0
[ctrl-3] ENVIADO,CTRL,3,2566,128301,-46,55,0
[ctrl-nao] ENVIADO,JOINTS,nao,2493,128314,-55.2,5.1,-29.9,0
[ctrl-2] ENVIADO,CTRL,2,2491,128316,19,63,0
[ctrl-spot] ENVIADO,JOINTS,spot,2568,128400,-2.8,-0.2,2.0,0
[ctrl-1] ENVIADO,CTRL,1,2568,128404,-15,67,0
[ctrl-pepper] ENVIADO,JOINTS,pepper,2570,128501,38.2,65.6,13.0,0
[ctrl-nao] ENVIADO,JOINTS,nao,2497,128515,-58.7,4.2,-30.0,0
[ctrl-2] ENVIADO,CTRL,2,2495,128527,14,67,0
[ctrl-3] ENVIADO,CTRL,3,2571,128552,-48,54,0
[ctrl-spot] ENVIADO,JOINTS,spot,2573,128650,1.4,2.4,3.6,0
[ctrl-1] ENVIADO,CTRL,1,2573,128652,-13,66,0
[ctrl-2] ENVIADO,CTRL,2,2499,128717,5,69,0
[ctrl-pepper] ENVIADO,JOINTS,pepper,2575,128750,26.3,59.5,10.0,0
[ctrl-nao] ENVIADO,JOINTS,nao,2502,128764,-60.0,4.1,-29.7,0
[ctrl-3] ENVIADO,CTRL,3,2576,128800,-45,57,0
[ctrl-1] ENVIADO,CTRL,1,2577,128852,-12,65,0
[ctrl-spot] ENVIADO,JOINTS,spot,2577,128850,4.7,4.4,4.9,0
[ctrl-nao] ENVIADO,JOINTS,nao,2506,128964,-58.7,4.9,-29.3,0
[ctrl-2] ENVIADO,CTRL,2,2504,128966,4,68,0
[ctrl-pepper] ENVIADO,JOINTS,pepper,2580,129000,13.1,52.9,6.8,0
[ctrl-spot] ENVIADO,JOINTS,spot,2581,129052,7.9,6.4,6.1,0
[ctrl-3] ENVIADO,CTRL,3,2581,129052,-49,58,0
[ctrl-1] ENVIADO,CTRL,1,2582,129102,-14,67,0
[ctrl-nao] ENVIADO,JOINTS,nao,2510,129164,-55.3,6.5,-28.6,0
[ctrl-2] ENVIADO,CTRL,2,2508,129169,0,68,0
[ctrl-pepper] ENVIADO,JOINTS,pepper,2584,129201,1.8,47.4,4.2,0
[ctrl-spot] ENVIADO,JOINTS,spot,2586,129300,11.5,8.6,7.6,0
[ctrl-3] ENVIADO,CTRL,3,2586,129300,-40,58,0
[ctrl-1] ENVIADO,CTRL,1,2586,129303,-16,65,0
[ctrl-2] ENVIADO,CTRL,2,2513,129416,-3,70,0
[ctrl-nao] ENVIADO,JOINTS,nao,2515,129418,-48.2,9.4,-27.4,0
[ctrl-pepper] ENVIADO,JOINTS,pepper,2589,129453,-12.4,40.5,0.9,0
[ctrl-spot] ENVIADO,JOINTS,spot,2590,129500,13.9,10.2,8.7,0
[ctrl-1] ENVIADO,CTRL,1,2591,129553,-17,62,0
[ctrl-3] ENVIADO,CTRL,3,2591,129550,-40,59,0
[ctrl-nao] ENVIADO,JOINTS,nao,2520,129664,-38.7,13.4,-25.9,0
[ctrl-2] ENVIADO,CTRL,2,2518,129666,-20,66,0
[ctrl-pepper] ENVIADO,JOINTS,pepper,2594,129700,-25.6,33.8,-2.3,0
[ctrl-spot] ENVIADO,JOINTS,spot,2594,129700,15.8,11.6,9.7,0
[ctrl-3] ENVIADO,CTRL,3,2595,129751,-28,62,0
[ctrl-1] ENVIADO,CTRL,1,2596,129802,-15,68,0
[ctrl-nao] ENVIADO,JOINTS,nao,2524,129864,-29.4,17.2,-24.5,0
[ctrl-2] ENVIADO,CTRL,2,2522,129866,-26,64,0
[ctrl-pepper] ENVIADO,JOINTS,pepper,2598,129900,-35.3,28.5,-5.0,0
[ctrl-spot] ENVIADO,JOINTS,spot,2598,129902,17.1,12.8,10.7,0
[ctrl-1] ESTADO,ctrl-1,127.0.0.1,-40,1
[ctrl-3] ESTADO,ctrl-3,127.0.0.1,-40,1
[ctrl-1] ENVIADO,CTRL,1,2600,130002,-13,66,0
[ctrl-3] ENVIADO,CTRL,3,2600,130000,-22,61,0
[ctrl-3] RTT,0
[ctrl-spot] ESTADO,ctrl-spot,127.0.0.1,-40,1
[ctrl-pepper] ESTADO,ctrl-pepper,127.0.0.1,-40,1
[ctrl-1] RTT,1
[ctrl-spot] RTT,1
[ctrl-pepper] RTT,1
[ctrl-nao] ESTADO,ctrl-nao,127.0.0.1,-40,1
[ctrl-nao] RTT,0
[ctrl-2] ESTADO,ctrl-2,127.0.0.1,-40,1
[ctrl-2] RTT,0
[esclava] ESTADO,esclava,127.0.0.1,-40,1
[esclava] LEDS,OK,OK,OK,OK,OK,OK
[esclava] # [● placa/MQTT]  ● player-1  ● player-2  ● player-3  ● sim-spot  ● sim-pepper  ● sim-nao
[ctrl-nao] ENVIADO,JOINTS,nao,2529,130114,-16.4,22.7,-22.5,0
[ctrl-2] ENVIADO,CTRL,2,2527,130117,-29,59,0
[ctrl-spot] ENVIADO,JOINTS,spot,2603,130150,17.9,14.0,11.8,0
[ctrl-pepper] ENVIADO,JOINTS,pepper,2603,130150,-45.6,22.4,-8.2,0
[ctrl-1] ENVIADO,CTRL,1,2604,130202,-17,67,0
[ctrl-3] ENVIADO,CTRL,3,2605,130250,-19,66,0
[ctrl-nao] ENVIADO,JOINTS,nao,2534,130364,-2.4,28.8,-20.2,0
[ctrl-2] ENVIADO,CTRL,2,2532,130366,-31,59,0
[ctrl-spot] ENVIADO,JOINTS,spot,2608,130400,17.8,14.7,12.7,0
[ctrl-pepper] ENVIADO,JOINTS,pepper,2608,130400,-53.5,16.9,-11.3,0
[ctrl-1] ENVIADO,CTRL,1,2609,130452,-18,63,0
[ctrl-3] ENVIADO,CTRL,3,2610,130500,-16,67,0
[ctrl-nao] ENVIADO,JOINTS,nao,2538,130564,8.9,34.1,-18.1,0
[ctrl-2] ENVIADO,CTRL,2,2536,130566,-41,58,0
[ctrl-pepper] ENVIADO,JOINTS,pepper,2613,130650,-58.3,12.3,-14.3,0
[ctrl-spot] ENVIADO,JOINTS,spot,2613,130650,16.6,15.0,13.5,0
[ctrl-3] ENVIADO,CTRL,3,2614,130700,-14,67,0
[ctrl-1] ENVIADO,CTRL,1,2614,130702,-20,65,0
[ctrl-2] ENVIADO,CTRL,2,2540,130766,-41,54,0
[ctrl-nao] ENVIADO,JOINTS,nao,2543,130814,22.4,40.9,-15.4,0
[ctrl-pepper] ENVIADO,JOINTS,pepper,2617,130850,-59.9,9.2,-16.5,0
[ctrl-spot] ENVIADO,JOINTS,spot,2618,130905,14.5,14.8,14.2,0
[ctrl-1] ENVIADO,CTRL,1,2619,130952,-19,64,0
[ctrl-3] ENVIADO,CTRL,3,2619,130950,-13,66,0
[ctrl-nao] ENVIADO,JOINTS,nao,2547,131014,32.5,46.4,-13.1,0
[ctrl-2] ENVIADO,CTRL,2,2545,131016,-48,55,0
[ctrl-pepper] ENVIADO,JOINTS,pepper,2621,131050,-59.4,6.8,-18.7,0
[ctrl-1] ENVIADO,CTRL,1,2623,131152,-14,64,0
[ctrl-spot] ENVIADO,JOINTS,spot,2623,131150,11.7,14.3,14.6,0
[ctrl-3] ENVIADO,CTRL,3,2624,131200,-10,67,0
[ctrl-nao] ENVIADO,JOINTS,nao,2552,131264,43.4,53.2,-10.0,0
[ctrl-2] ENVIADO,CTRL,2,2550,131266,-55,53,0
[ctrl-pepper] ENVIADO,JOINTS,pepper,2626,131300,-55.8,4.8,-21.1,0
[ctrl-1] ENVIADO,CTRL,1,2628,131402,-14,67,0
[ctrl-3] ENVIADO,CTRL,3,2628,131400,-16,67,0
[ctrl-spot] ENVIADO,JOINTS,spot,2628,131400,8.2,13.2,14.9,0
[ctrl-2] ENVIADO,CTRL,2,2554,131466,-52,54,0
[ctrl-nao] ENVIADO,JOINTS,nao,2557,131514,51.8,59.8,-6.9,0
[ctrl-pepper] ENVIADO,JOINTS,pepper,2631,131550,-49.1,4.0,-23.3,0
[ctrl-3] ENVIADO,CTRL,3,2632,131600,-16,66,0
[ctrl-spot] ENVIADO,JOINTS,spot,2632,131600,5.0,12.1,15.0,0
[ctrl-1] ENVIADO,CTRL,1,2633,131652,-13,65,0
[ctrl-2] ENVIADO,CTRL,2,2559,131716,-43,59,0
[ctrl-pepper] ENVIADO,JOINTS,pepper,2635,131750,-41.7,4.2,-24.9,0
[ctrl-nao] ENVIADO,JOINTS,nao,2562,131764,57.5,65.9,-3.6,0
[ctrl-spot] ENVIADO,JOINTS,spot,2637,131850,0.9,10.4,15.0,0
[ctrl-3] ENVIADO,CTRL,3,2637,131850,-14,64,0
[ctrl-1] ENVIADO,CTRL,1,2638,131902,-12,66,0
[ctrl-2] ENVIADO,CTRL,2,2563,131916,-38,60,0
[ctrl-1] ESTADO,ctrl-1,127.0.0.1,-40,1
[ctrl-1] RTT,0
[ctrl-pepper] ESTADO,ctrl-pepper,127.0.0.1,-40,1
[ctrl-spot] ESTADO,ctrl-spot,127.0.0.1,-40,1
[ctrl-3] ESTADO,ctrl-3,127.0.0.1,-40,1
[ctrl-pepper] ENVIADO,JOINTS,pepper,2640,132000,-30.5,5.5,-26.6,1
[ctrl-pepper] RTT,0
[ctrl-spot] RTT,0
[ctrl-3] RTT,1
[ctrl-nao] ESTADO,ctrl-nao,127.0.0.1,-40,1
[ctrl-nao] ENVIADO,JOINTS,nao,2567,132014,59.9,71.3,-0.3,1
[ctrl-nao] RTT,1
[ctrl-2] ESTADO,ctrl-2,127.0.0.1,-40,1
[ctrl-2] RTT,0
[ctrl-3] ENVIADO,CTRL,3,2641,132050,-17,63,0
[esclava] ESTADO,esclava,127.0.0.1,-40,1
[esclava] LEDS,OK,OK,OK,OK,OK,OK
[esclava] # [● placa/MQTT]  ● player-1  ● player-2  ● player-3  ● sim-spot  ● sim-pepper  ● sim-nao
[ctrl-spot] ENVIADO,JOINTS,spot,2641,132053,-2.6,8.8,14.8,1
[ctrl-1] ENVIADO,CTRL,1,2642,132102,-12,66,0
[ctrl-2] ENVIADO,CTRL,2,2567,132116,-24,65,0
[ctrl-nao] ENVIADO,JOINTS,nao,2571,132214,59.5,75.1,2.3,1
[ctrl-pepper] ENVIADO,JOINTS,pepper,2645,132250,-17.6,8.0,-28.0,1
[ctrl-3] ENVIADO,CTRL,3,2645,132250,-14,65,0
[ctrl-spot] ENVIADO,JOINTS,spot,2646,132300,-6.6,6.6,14.4,1
[ctrl-1] ENVIADO,CTRL,1,2646,132302,-13,66,0
[ctrl-2] ENVIADO,CTRL,2,2571,132316,-15,63,0
[ctrl-nao] ENVIADO,JOINTS,nao,2575,132414,56.9,78.3,4.9,1
[ctrl-3] ENVIADO,CTRL,3,2649,132450,-16,61,0
[ctrl-pepper] ENVIADO,JOINTS,pepper,2649,132450,-6.5,10.7,-28.8,1
[ctrl-1] ENVIADO,CTRL,1,2651,132552,-10,65,0
[ctrl-spot] ENVIADO,JOINTS,spot,2651,132553,-10.4,4.2,13.9,0
[ctrl-2] ENVIADO,CTRL,2,2576,132566,-18,67,0
[ctrl-nao] ENVIADO,JOINTS,nao,2580,132664,51.0,81.3,8.1,0
[ctrl-pepper] ENVIADO,JOINTS,pepper,2654,132700,7.5,15.0,-29.5,0
[ctrl-3] ENVIADO,CTRL,3,2654,132700,-17,65,0
[ctrl-1] ENVIADO,CTRL,1,2655,132753,-8,68,0
[ctrl-spot] ENVIADO,JOINTS,spot,2655,132753,-12.9,2.2,13.3,0
[ctrl-2] ENVIADO,CTRL,2,2581,132816,-20,63,0
[ctrl-3] ENVIADO,CTRL,3,2658,132900,-18,65,0
[ctrl-pepper] ENVIADO,JOINTS,pepper,2658,132900,18.6,19.1,-29.9,0
[ctrl-nao] ENVIADO,JOINTS,nao,2585,132914,42.1,83.2,11.3,0
[ctrl-1] ENVIADO,CTRL,1,2659,132952,-6,67,0
[ctrl-spot] ENVIADO,JOINTS,spot,2660,133000,-15.5,-0.4,12.5,0
[ctrl-2] ENVIADO,CTRL,2,2586,133066,-14,63,0
[ctrl-3] ENVIADO,CTRL,3,2662,133100,-19,64,0
[ctrl-pepper] ENVIADO,JOINTS,pepper,2662,133100,29.0,23.7,-30.0,0
[ctrl-nao] ENVIADO,JOINTS,nao,2590,133164,31.0,84.0,14.2,0
[ctrl-1] ENVIADO,CTRL,1,2664,133202,-5,71,0
[ctrl-spot] ENVIADO,JOINTS,spot,2664,133200,-16.9,-2.4,11.7,0
[ctrl-2] ENVIADO,CTRL,2,2590,133266,-15,68,0
[ctrl-pepper] ENVIADO,JOINTS,pepper,2667,133350,40.4,29.9,-29.8,0
[ctrl-3] ENVIADO,CTRL,3,2667,133350,-16,65,0
[ctrl-1] ENVIADO,CTRL,1,2668,133402,-8,67,0
[ctrl-spot] ENVIADO,JOINTS,spot,2668,133405,-17.8,-4.5,10.8,0
[ctrl-nao] ENVIADO,JOINTS,nao,2595,133414,18.2,83.6,17.0,0
[ctrl-1] # resumen {"rol": "ctrl-1", "ip": "127.0.0.1", "hb_enviados": 134, "pings": 67, "pongs": 67, "rtt_prom_ms": 1.0, "rtt_p95_ms": 2, "rtt_max_ms": 7, "destino": "127.0.0.1:15001", "generados": 2670, "enviados": 2670, "descartados": 0, "descartados_pct": 0.0}
[ctrl-2] # resumen {"rol": "ctrl-2", "ip": "127.0.0.1", "hb_enviados": 134, "pings": 67, "pongs": 67, "rtt_prom_ms": 0.36, "rtt_p95_ms": 1, "rtt_max_ms": 3, "destino": "127.0.0.1:15002", "generados": 2595, "enviados": 2595, "descartados": 0, "descartados_pct": 0.0}
[ctrl-3] # resumen {"rol": "ctrl-3", "ip": "127.0.0.1", "hb_enviados": 134, "pings": 67, "pongs": 67, "rtt_prom_ms": 0.48, "rtt_p95_ms": 1, "rtt_max_ms": 5, "destino": "127.0.0.1:15003", "generados": 2670, "enviados": 2670, "descartados": 0, "descartados_pct": 0.0}
[ctrl-spot] # resumen {"rol": "ctrl-spot", "ip": "127.0.0.1", "hb_enviados": 134, "pings": 67, "pongs": 67, "rtt_prom_ms": 0.64, "rtt_p95_ms": 1, "rtt_max_ms": 21, "destino": "127.0.0.1:15101", "generados": 2670, "enviados": 2670, "descartados": 0, "descartados_pct": 0.0}
[ctrl-pepper] # resumen {"rol": "ctrl-pepper", "ip": "127.0.0.1", "hb_enviados": 134, "pings": 67, "pongs": 67, "rtt_prom_ms": 0.84, "rtt_p95_ms": 1, "rtt_max_ms": 29, "destino": "127.0.0.1:15102", "generados": 2670, "enviados": 2670, "descartados": 0, "descartados_pct": 0.0}
[ctrl-nao] # resumen {"rol": "ctrl-nao", "ip": "127.0.0.1", "hb_enviados": 134, "pings": 67, "pongs": 67, "rtt_prom_ms": 0.96, "rtt_p95_ms": 3, "rtt_max_ms": 29, "destino": "127.0.0.1:15103", "generados": 2597, "enviados": 2597, "descartados": 0, "descartados_pct": 0.0}
[esclava] # resumen {"rol": "esclava", "ip": "127.0.0.1", "hb_enviados": 134, "pings": 0, "pongs": 0, "leds": {"player-1": "OK", "player-2": "OK", "player-3": "OK", "sim-spot": "OK", "sim-pepper": "OK", "sim-nao": "OK"}, "mqtt_ok": true}
